yarn run v1.22.22
$ lerna run build:viewer --stream
lerna notice cli v7.4.2

> @ohif/app:"build:viewer"

(node:3820269) [DEP0060] DeprecationWarning: The `util._extend` API is deprecated. Please use Object.assign() instead.
(Use `node --trace-deprecation ...` to show where the warning was created)
@ohif/app: [2K[1G@ohif/app: [2m$ cross-env NODE_ENV=production yarn run build[22m
@ohif/app: [2K[1G@ohif/app: [2m$ node --max_old_space_size=8096 ./../../node_modules/webpack/bin/webpack.js --progress --config .webpack/webpack.pwa.js[22m
@ohif/app: Browserslist: browsers data (caniuse-lite) is 9 months old. Please run:
@ohif/app:   npx update-browserslist-db@latest
@ohif/app:   Why you should do it regularly: https://github.com/browserslist/update-db#readme
@ohif/app: <s> [webpack.Progress] 0% 
@ohif/app: <s> [webpack.Progress] 1% setup before run
@ohif/app: <s> [webpack.Progress] 1% setup before run NodeEnvironmentPlugin
@ohif/app: <s> [webpack.Progress] 1% setup before run
@ohif/app: <s> [webpack.Progress] 2% setup run
@ohif/app: <s> [webpack.Progress] 2% setup run webpack-cli
@ohif/app: <s> [webpack.Progress] 2% setup run
@ohif/app: <s> [webpack.Progress] 4% setup normal module factory
@ohif/app: <s> [webpack.Progress] 4% setup normal module factory
@ohif/app: <s> [webpack.Progress] 5% setup context module factory
@ohif/app: <s> [webpack.Progress] 5% setup context module factory
@ohif/app: <s> [webpack.Progress] 6% setup before compile
@ohif/app: <s> [webpack.Progress] 6% setup before compile ProgressPlugin
@ohif/app: <s> [webpack.Progress] 6% setup before compile
@ohif/app: <s> [webpack.Progress] 7% setup compile
@ohif/app: <s> [webpack.Progress] 7% setup compile ExternalsPlugin
@ohif/app: <s> [webpack.Progress] 7% setup compile
@ohif/app: <s> [webpack.Progress] 8% setup compilation
@ohif/app: <s> [webpack.Progress] 8% setup compilation CopyPlugin
@ohif/app: <s> [webpack.Progress] 8% setup compilation HtmlWebpackPlugin
@ohif/app: <s> [webpack.Progress] 8% setup compilation InjectManifest
@ohif/app: <s> [webpack.Progress] 8% setup compilation mini-css-extract-plugin
@ohif/app: <s> [webpack.Progress] 8% setup compilation ArrayPushCallbackChunkFormatPlugin
@ohif/app: <s> [webpack.Progress] 8% setup compilation JsonpChunkLoadingPlugin
@ohif/app: <s> [webpack.Progress] 8% setup compilation StartupChunkDependenciesPlugin
@ohif/app: <s> [webpack.Progress] 8% setup compilation ImportScriptsChunkLoadingPlugin
@ohif/app: <s> [webpack.Progress] 8% setup compilation FetchCompileWasmPlugin
@ohif/app: <s> [webpack.Progress] 8% setup compilation FetchCompileAsyncWasmPlugin
@ohif/app: <s> [webpack.Progress] 8% setup compilation WorkerPlugin
@ohif/app: <s> [webpack.Progress] 8% setup compilation SplitChunksPlugin
@ohif/app: <s> [webpack.Progress] 8% setup compilation ResolverCachePlugin
@ohif/app: <s> [webpack.Progress] 8% setup compilation
@ohif/app: <s> [webpack.Progress] 9% setup compilation
@ohif/app: <s> [webpack.Progress] 9% setup compilation ProgressPlugin
@ohif/app: <s> [webpack.Progress] 9% setup compilation DefinePlugin
@ohif/app: <s> [webpack.Progress] 9% setup compilation ProvidePlugin
@ohif/app: <s> [webpack.Progress] 9% setup compilation DefinePlugin
@ohif/app: <s> [webpack.Progress] 9% setup compilation mini-css-extract-plugin
@ohif/app: <s> [webpack.Progress] 9% setup compilation ChunkPrefetchPreloadPlugin
@ohif/app: <s> [webpack.Progress] 9% setup compilation SourceMapDevToolPlugin
@ohif/app: <s> [webpack.Progress] 9% setup compilation JavascriptModulesPlugin
@ohif/app: <s> [webpack.Progress] 9% setup compilation JsonModulesPlugin
@ohif/app: <s> [webpack.Progress] 9% setup compilation AssetModulesPlugin
@ohif/app: <s> [webpack.Progress] 9% setup compilation EntryPlugin
@ohif/app: <s> [webpack.Progress] 9% setup compilation RuntimePlugin
@ohif/app: <s> [webpack.Progress] 9% setup compilation InferAsyncModulesPlugin
@ohif/app: <s> [webpack.Progress] 9% setup compilation DataUriPlugin
@ohif/app: <s> [webpack.Progress] 9% setup compilation FileUriPlugin
@ohif/app: <s> [webpack.Progress] 9% setup compilation CompatibilityPlugin
@ohif/app: <s> [webpack.Progress] 9% setup compilation HarmonyModulesPlugin
@ohif/app: <s> [webpack.Progress] 9% setup compilation AMDPlugin
@ohif/app: <s> [webpack.Progress] 9% setup compilation RequireJsStuffPlugin
@ohif/app: <s> [webpack.Progress] 9% setup compilation CommonJsPlugin
@ohif/app: <s> [webpack.Progress] 9% setup compilation LoaderPlugin
@ohif/app: <s> [webpack.Progress] 9% setup compilation LoaderPlugin
@ohif/app: <s> [webpack.Progress] 9% setup compilation NodeStuffPlugin
@ohif/app: <s> [webpack.Progress] 9% setup compilation APIPlugin
@ohif/app: <s> [webpack.Progress] 9% setup compilation ExportsInfoApiPlugin
@ohif/app: <s> [webpack.Progress] 9% setup compilation WebpackIsIncludedPlugin
@ohif/app: <s> [webpack.Progress] 9% setup compilation ConstPlugin
@ohif/app: <s> [webpack.Progress] 9% setup compilation UseStrictPlugin
@ohif/app: <s> [webpack.Progress] 9% setup compilation RequireIncludePlugin
@ohif/app: <s> [webpack.Progress] 9% setup compilation RequireEnsurePlugin
@ohif/app: <s> [webpack.Progress] 9% setup compilation RequireContextPlugin
@ohif/app: <s> [webpack.Progress] 9% setup compilation ImportPlugin
@ohif/app: <s> [webpack.Progress] 9% setup compilation ImportMetaContextPlugin
@ohif/app: <s> [webpack.Progress] 9% setup compilation SystemPlugin
@ohif/app: <s> [webpack.Progress] 9% setup compilation ImportMetaPlugin
@ohif/app: <s> [webpack.Progress] 9% setup compilation URLPlugin
@ohif/app: <s> [webpack.Progress] 9% setup compilation DefaultStatsFactoryPlugin
@ohif/app: <s> [webpack.Progress] 9% setup compilation DefaultStatsPresetPlugin
@ohif/app: <s> [webpack.Progress] 9% setup compilation DefaultStatsPrinterPlugin
@ohif/app: <s> [webpack.Progress] 9% setup compilation JavascriptMetaInfoPlugin
@ohif/app: <s> [webpack.Progress] 9% setup compilation EnsureChunkConditionsPlugin
@ohif/app: <s> [webpack.Progress] 9% setup compilation RemoveEmptyChunksPlugin
@ohif/app: <s> [webpack.Progress] 9% setup compilation MergeDuplicateChunksPlugin
@ohif/app: <s> [webpack.Progress] 9% setup compilation FlagIncludedChunksPlugin
@ohif/app: <s> [webpack.Progress] 9% setup compilation FlagDependencyExportsPlugin
@ohif/app: <s> [webpack.Progress] 9% setup compilation FlagDependencyUsagePlugin
@ohif/app: <s> [webpack.Progress] 9% setup compilation InnerGraphPlugin
@ohif/app: <s> [webpack.Progress] 9% setup compilation MangleExportsPlugin
@ohif/app: <s> [webpack.Progress] 9% setup compilation ModuleConcatenationPlugin
@ohif/app: <s> [webpack.Progress] 9% setup compilation NoEmitOnErrorsPlugin
@ohif/app: <s> [webpack.Progress] 9% setup compilation RealContentHashPlugin
@ohif/app: <s> [webpack.Progress] 9% setup compilation WasmFinalizeExportsPlugin
@ohif/app: <s> [webpack.Progress] 9% setup compilation DeterministicModuleIdsPlugin
@ohif/app: <s> [webpack.Progress] 9% setup compilation DeterministicChunkIdsPlugin
@ohif/app: <s> [webpack.Progress] 9% setup compilation DefinePlugin
@ohif/app: <s> [webpack.Progress] 9% setup compilation TerserPlugin
@ohif/app: <s> [webpack.Progress] 9% setup compilation TemplatedPathPlugin
@ohif/app: <s> [webpack.Progress] 9% setup compilation RecordIdsPlugin
@ohif/app: <s> [webpack.Progress] 9% setup compilation WarnCaseSensitiveModulesPlugin
@ohif/app: <s> [webpack.Progress] 9% setup compilation AddBuildDependenciesPlugin
@ohif/app: <s> [webpack.Progress] 9% setup compilation AddBuildDependenciesPlugin
@ohif/app: <s> [webpack.Progress] 9% setup compilation
@ohif/app: <s> [webpack.Progress] 10% building
@ohif/app: <s> [webpack.Progress] 10% building 0/1 entries 0/0 dependencies 0/0 modules
@ohif/app: <s> [webpack.Progress] 10% building import loader ../../../node_modules/babel-loader/lib/index.js
@ohif/app: <s> [webpack.Progress] 10% building 0/1 entries 1/1 dependencies 0/1 modules
@ohif/app: <s> [webpack.Progress] 10% building 0/1 entries 14/52 dependencies 4/11 modules
@ohif/app: <s> [webpack.Progress] 10% building 0/1 entries 36/82 dependencies 7/20 modules
@ohif/app: <s> [webpack.Progress] 10% building import loader ../../../node_modules/mini-css-extract-plugin/dist/loader.js
@ohif/app: <s> [webpack.Progress] 10% building import loader ../../../node_modules/css-loader/dist/cjs.js
@ohif/app: <s> [webpack.Progress] 10% building import loader ../../../node_modules/postcss-loader/dist/cjs.js
@ohif/app: <s> [webpack.Progress] 10% building 0/1 entries 41/84 dependencies 8/25 modules
@ohif/app: <s> [webpack.Progress] 10% building 0/1 entries 200/352 dependencies 18/124 modules
@ohif/app: <s> [webpack.Progress] 10% building 0/1 entries 364/448 dependencies 33/245 modules
@ohif/app: <s> [webpack.Progress] 10% building 0/1 entries 486/600 dependencies 53/312 modules
@ohif/app: <s> [webpack.Progress] 10% building 0/1 entries 796/900 dependencies 67/526 modules
@ohif/app: <s> [webpack.Progress] 11% building 0/1 entries 900/1044 dependencies 99/571 modules
@ohif/app: <s> [webpack.Progress] 11% building 0/1 entries 1236/1402 dependencies 146/800 modules
@ohif/app: The exported identifier "Services" is not declared in Babel's scope tracker
@ohif/app: as a JavaScript value binding, and "@babel/plugin-transform-typescript"
@ohif/app: never encountered it as a TypeScript type declaration.
@ohif/app: It will be treated as a JavaScript value.
@ohif/app: This problem is likely caused by another plugin injecting
@ohif/app: "Services" without registering it in the scope tracker. If you are the author
@ohif/app:  of that plugin, please use "scope.registerDeclaration(declarationPath)".
@ohif/app: <s> [webpack.Progress] 11% building 0/1 entries 1579/1823 dependencies 173/1000 modules
@ohif/app: <s> [webpack.Progress] 12% building 0/1 entries 2000/2076 dependencies 239/1198 modules
@ohif/app: <s> [webpack.Progress] 13% building 0/1 entries 2201/2300 dependencies 325/1238 modules
@ohif/app: <s> [webpack.Progress] 13% building 0/1 entries 3770/3800 dependencies 326/2796 modules
@ohif/app: <s> [webpack.Progress] 14% building 0/1 entries 3900/3947 dependencies 386/2819 modules
@ohif/app: <s> [webpack.Progress] 14% building 0/1 entries 4436/4500 dependencies 445/2913 modules
@ohif/app: <s> [webpack.Progress] 15% building 0/1 entries 5022/5100 dependencies 531/2974 modules
@ohif/app: <s> [webpack.Progress] 16% building 0/1 entries 5500/5576 dependencies 574/3334 modules
@ohif/app: <s> [webpack.Progress] 17% building 0/1 entries 5736/5800 dependencies 643/3454 modules
@ohif/app: <s> [webpack.Progress] 17% building 0/1 entries 6100/7616 dependencies 707/3599 modules
@ohif/app: <s> [webpack.Progress] 18% building 0/1 entries 7749/7800 dependencies 740/3660 modules
@ohif/app: <s> [webpack.Progress] 18% building 0/1 entries 8490/8500 dependencies 773/3688 modules
@ohif/app: <s> [webpack.Progress] 19% building 0/1 entries 9443/9500 dependencies 874/3764 modules
@ohif/app: <s> [webpack.Progress] 22% building 0/1 entries 9962/9966 dependencies 1100/3880 modules
@ohif/app: <s> [webpack.Progress] 25% building 0/1 entries 10515/10600 dependencies 1434/3977 modules
@ohif/app: <s> [webpack.Progress] 26% building 0/1 entries 11149/11200 dependencies 1510/4299 modules
@ohif/app: <s> [webpack.Progress] 27% building 0/1 entries 11400/11478 dependencies 1565/4339 modules
@ohif/app: <s> [webpack.Progress] 28% building 0/1 entries 11600/11676 dependencies 1638/4384 modules
@ohif/app: <s> [webpack.Progress] 46% building 0/1 entries 12051/12100 dependencies 3293/4498 modules
@ohif/app: <s> [webpack.Progress] 48% building 0/1 entries 12465/12900 dependencies 3492/4584 modules
@ohif/app: <s> [webpack.Progress] 49% building 0/1 entries 13062/13100 dependencies 3583/4971 modules
@ohif/app: <s> [webpack.Progress] 50% building import loader ../../../node_modules/file-loader/dist/cjs.js
@ohif/app: <s> [webpack.Progress] 50% building 0/1 entries 13236/13236 dependencies 3673/4971 modules
@ohif/app: <s> [webpack.Progress] 51% building 0/1 entries 13559/13600 dependencies 3844/5048 modules
@ohif/app: <s> [webpack.Progress] 53% building 0/1 entries 14139/14200 dependencies 4096/5175 modules
@ohif/app: <s> [webpack.Progress] 51% building 0/1 entries 15080/15868 dependencies 4343/5700 modules
@ohif/app: <s> [webpack.Progress] 47% building 0/1 entries 15923/15976 dependencies 4400/6414 modules
@ohif/app: <s> [webpack.Progress] 49% building 0/1 entries 16585/16600 dependencies 4771/6584 modules
@ohif/app: <s> [webpack.Progress] 50% building 0/1 entries 17300/17413 dependencies 4940/6678 modules
@ohif/app: <s> [webpack.Progress] 49% building 0/1 entries 18693/18700 dependencies 5011/6958 modules
@ohif/app: <s> [webpack.Progress] 55% building 0/1 entries 20279/20300 dependencies 5972/7178 modules
@ohif/app: <s> [webpack.Progress] 59% building 0/1 entries 20721/20729 dependencies 6609/7300 modules
@ohif/app: <s> [webpack.Progress] 63% building 0/1 entries 21666/21700 dependencies 7398/7597 modules
@ohif/app: <s> [webpack.Progress] 65% building 1/1 entries 21799/21799 dependencies 7654/7654 modules
@ohif/app: <s> [webpack.Progress] 65% building
@ohif/app: <s> [webpack.Progress] 69% building finish
@ohif/app: <s> [webpack.Progress] 69% building finish
@ohif/app: <s> [webpack.Progress] 70% sealing finish module graph
@ohif/app: <s> [webpack.Progress] 70% sealing finish module graph ResolverCachePlugin
@ohif/app: <s> [webpack.Progress] 70% sealing finish module graph InferAsyncModulesPlugin
@ohif/app: <s> [webpack.Progress] 70% sealing finish module graph FlagDependencyExportsPlugin
@ohif/app: <s> [webpack.Progress] 70% sealing finish module graph InnerGraphPlugin
@ohif/app: <s> [webpack.Progress] 70% sealing finish module graph WasmFinalizeExportsPlugin
@ohif/app: <s> [webpack.Progress] 70% sealing finish module graph
@ohif/app: <s> [webpack.Progress] 70% sealing plugins
@ohif/app: <s> [webpack.Progress] 70% sealing plugins WarnCaseSensitiveModulesPlugin
@ohif/app: <s> [webpack.Progress] 70% sealing plugins
@ohif/app: <s> [webpack.Progress] 71% sealing dependencies optimization
@ohif/app: <s> [webpack.Progress] 71% sealing dependencies optimization FlagDependencyUsagePlugin
@ohif/app: <s> [webpack.Progress] 71% sealing dependencies optimization
@ohif/app: <s> [webpack.Progress] 71% sealing after dependencies optimization
@ohif/app: <s> [webpack.Progress] 71% sealing after dependencies optimization
@ohif/app: <s> [webpack.Progress] 72% sealing chunk graph
@ohif/app: <s> [webpack.Progress] 72% sealing chunk graph
@ohif/app: <s> [webpack.Progress] 73% sealing after chunk graph
@ohif/app: <s> [webpack.Progress] 73% sealing after chunk graph
@ohif/app: <s> [webpack.Progress] 73% sealing optimizing
@ohif/app: <s> [webpack.Progress] 73% sealing optimizing
@ohif/app: <s> [webpack.Progress] 74% sealing module optimization
@ohif/app: <s> [webpack.Progress] 74% sealing module optimization
@ohif/app: <s> [webpack.Progress] 75% sealing after module optimization
@ohif/app: <s> [webpack.Progress] 75% sealing after module optimization
@ohif/app: <s> [webpack.Progress] 75% sealing chunk optimization
@ohif/app: <s> [webpack.Progress] 75% sealing chunk optimization EnsureChunkConditionsPlugin
@ohif/app: <s> [webpack.Progress] 75% sealing chunk optimization RemoveEmptyChunksPlugin
@ohif/app: <s> [webpack.Progress] 75% sealing chunk optimization SplitChunksPlugin
@ohif/app: <s> [webpack.Progress] 75% sealing chunk optimization RemoveEmptyChunksPlugin
@ohif/app: <s> [webpack.Progress] 75% sealing chunk optimization MergeDuplicateChunksPlugin
@ohif/app: <s> [webpack.Progress] 75% sealing chunk optimization
@ohif/app: <s> [webpack.Progress] 76% sealing after chunk optimization
@ohif/app: <s> [webpack.Progress] 76% sealing after chunk optimization
@ohif/app: <s> [webpack.Progress] 77% sealing module and chunk tree optimization
@ohif/app: <s> [webpack.Progress] 77% sealing module and chunk tree optimization PersistentChildCompilerSingletonPlugin
@ohif/app: <s> [webpack.Progress] 77% sealing module and chunk tree optimization
@ohif/app: <s> [webpack.Progress] 77% sealing after module and chunk tree optimization
@ohif/app: <s> [webpack.Progress] 77% sealing after module and chunk tree optimization
@ohif/app: <s> [webpack.Progress] 78% sealing chunk modules optimization
@ohif/app: <s> [webpack.Progress] 78% sealing chunk modules optimization ModuleConcatenationPlugin
@ohif/app: <s> [webpack.Progress] 78% sealing chunk modules optimization
@ohif/app: <s> [webpack.Progress] 78% sealing after chunk modules optimization
@ohif/app: <s> [webpack.Progress] 78% sealing after chunk modules optimization
@ohif/app: <s> [webpack.Progress] 79% sealing module reviving
@ohif/app: <s> [webpack.Progress] 79% sealing module reviving RecordIdsPlugin
@ohif/app: <s> [webpack.Progress] 79% sealing module reviving
@ohif/app: <s> [webpack.Progress] 80% sealing before module ids
@ohif/app: <s> [webpack.Progress] 80% sealing before module ids
@ohif/app: <s> [webpack.Progress] 80% sealing module ids
@ohif/app: <s> [webpack.Progress] 80% sealing module ids DeterministicModuleIdsPlugin
@ohif/app: <s> [webpack.Progress] 80% sealing module ids
@ohif/app: <s> [webpack.Progress] 81% sealing module id optimization
@ohif/app: <s> [webpack.Progress] 81% sealing module id optimization
@ohif/app: <s> [webpack.Progress] 82% sealing module id optimization
@ohif/app: <s> [webpack.Progress] 82% sealing module id optimization
@ohif/app: <s> [webpack.Progress] 82% sealing chunk reviving
@ohif/app: <s> [webpack.Progress] 82% sealing chunk reviving RecordIdsPlugin
@ohif/app: <s> [webpack.Progress] 82% sealing chunk reviving
@ohif/app: <s> [webpack.Progress] 83% sealing before chunk ids
@ohif/app: <s> [webpack.Progress] 83% sealing before chunk ids
@ohif/app: <s> [webpack.Progress] 84% sealing chunk ids
@ohif/app: <s> [webpack.Progress] 84% sealing chunk ids DeterministicChunkIdsPlugin
@ohif/app: <s> [webpack.Progress] 84% sealing chunk ids
@ohif/app: <s> [webpack.Progress] 84% sealing chunk id optimization
@ohif/app: <s> [webpack.Progress] 84% sealing chunk id optimization FlagIncludedChunksPlugin
@ohif/app: <s> [webpack.Progress] 84% sealing chunk id optimization
@ohif/app: <s> [webpack.Progress] 85% sealing after chunk id optimization
@ohif/app: <s> [webpack.Progress] 85% sealing after chunk id optimization
@ohif/app: <s> [webpack.Progress] 87% sealing module hashing
@ohif/app: <s> [webpack.Progress] 87% sealing module hashing
@ohif/app: <s> [webpack.Progress] 87% sealing code generation
@ohif/app: <s> [webpack.Progress] 87% sealing code generation
@ohif/app: <s> [webpack.Progress] 88% sealing runtime requirements
@ohif/app: <s> [webpack.Progress] 88% sealing runtime requirements
@ohif/app: <s> [webpack.Progress] 89% sealing hashing
@ohif/app: <s> [webpack.Progress] 89% sealing hashing
@ohif/app: <s> [webpack.Progress] 89% sealing after hashing
@ohif/app: <s> [webpack.Progress] 89% sealing after hashing
@ohif/app: <s> [webpack.Progress] 91% sealing module assets processing
@ohif/app: <s> [webpack.Progress] 91% sealing module assets processing
@ohif/app: <s> [webpack.Progress] 91% sealing chunk assets processing
@ohif/app: <s> [webpack.Progress] 91% sealing chunk assets processing
@ohif/app: <s> [webpack.Progress] 92% sealing asset processing
@ohif/app: <s> [webpack.Progress] 92% sealing asset processing copy-webpack-plugin
@ohif/app: <s> [webpack.Progress] 92% sealing asset processing PersistentChildCompilerSingletonPlugin
@ohif/app: <s> [webpack.Progress] 92% sealing asset processing TerserPlugin
@ohif/app: <s> [webpack.Progress] 92% sealing asset processing SourceMapDevToolPlugin
@ohif/app: <s> [webpack.Progress] 92% sealing asset processing SourceMapDevToolPlugin
@ohif/app: <s> [webpack.Progress] 92% sealing asset processing SourceMapDevToolPlugin app.bundle.css generate SourceMap
@ohif/app: <s> [webpack.Progress] 92% sealing asset processing SourceMapDevToolPlugin app.bundle.css generated SourceMap
@ohif/app: <s> [webpack.Progress] 92% sealing asset processing SourceMapDevToolPlugin app.bundle.64377014108ba91122e9.js generate SourceMap
@ohif/app: <s> [webpack.Progress] 92% sealing asset processing SourceMapDevToolPlugin app.bundle.64377014108ba91122e9.js generated SourceMap
@ohif/app: <s> [webpack.Progress] 92% sealing asset processing SourceMapDevToolPlugin 1927.bundle.32977df326944c7d5beb.js generate SourceMap
@ohif/app: <s> [webpack.Progress] 92% sealing asset processing SourceMapDevToolPlugin 1927.bundle.32977df326944c7d5beb.js generated SourceMap
@ohif/app: <s> [webpack.Progress] 92% sealing asset processing SourceMapDevToolPlugin 8094.bundle.abc38ad6d447d8a313b8.js generate SourceMap
@ohif/app: <s> [webpack.Progress] 92% sealing asset processing SourceMapDevToolPlugin 8094.bundle.abc38ad6d447d8a313b8.js generated SourceMap
@ohif/app: <s> [webpack.Progress] 92% sealing asset processing SourceMapDevToolPlugin 732.bundle.4b911d72a53017375da8.js generate SourceMap
@ohif/app: <s> [webpack.Progress] 92% sealing asset processing SourceMapDevToolPlugin 732.bundle.4b911d72a53017375da8.js generated SourceMap
@ohif/app: <s> [webpack.Progress] 92% sealing asset processing SourceMapDevToolPlugin 3343.css generate SourceMap
@ohif/app: <s> [webpack.Progress] 92% sealing asset processing SourceMapDevToolPlugin 3343.css generated SourceMap
@ohif/app: <s> [webpack.Progress] 92% sealing asset processing SourceMapDevToolPlugin 3343.bundle.d559dd0dfb7ad69b5c58.js generate SourceMap
@ohif/app: <s> [webpack.Progress] 92% sealing asset processing SourceMapDevToolPlugin 3343.bundle.d559dd0dfb7ad69b5c58.js generated SourceMap
@ohif/app: <s> [webpack.Progress] 92% sealing asset processing SourceMapDevToolPlugin 4819.css generate SourceMap
@ohif/app: <s> [webpack.Progress] 92% sealing asset processing SourceMapDevToolPlugin 4819.css generated SourceMap
@ohif/app: <s> [webpack.Progress] 92% sealing asset processing SourceMapDevToolPlugin 4819.bundle.1be7302c859620f059f4.js generate SourceMap
@ohif/app: <s> [webpack.Progress] 92% sealing asset processing SourceMapDevToolPlugin 4819.bundle.1be7302c859620f059f4.js generated SourceMap
@ohif/app: <s> [webpack.Progress] 92% sealing asset processing SourceMapDevToolPlugin 2591.css generate SourceMap
@ohif/app: <s> [webpack.Progress] 92% sealing asset processing SourceMapDevToolPlugin 2591.css generated SourceMap
@ohif/app: <s> [webpack.Progress] 92% sealing asset processing SourceMapDevToolPlugin 8305.css generate SourceMap
@ohif/app: <s> [webpack.Progress] 92% sealing asset processing SourceMapDevToolPlugin 8305.css generated SourceMap
@ohif/app: <s> [webpack.Progress] 92% sealing asset processing SourceMapDevToolPlugin 8305.bundle.909ccaf0b024634354d7.js generate SourceMap
@ohif/app: <s> [webpack.Progress] 92% sealing asset processing SourceMapDevToolPlugin 8305.bundle.909ccaf0b024634354d7.js generated SourceMap
@ohif/app: <s> [webpack.Progress] 92% sealing asset processing SourceMapDevToolPlugin 5028.css generate SourceMap
@ohif/app: <s> [webpack.Progress] 92% sealing asset processing SourceMapDevToolPlugin 5028.css generated SourceMap
@ohif/app: <s> [webpack.Progress] 92% sealing asset processing SourceMapDevToolPlugin 5028.bundle.a7c6e5e4f73cf558576f.js generate SourceMap
@ohif/app: <s> [webpack.Progress] 92% sealing asset processing SourceMapDevToolPlugin 5028.bundle.a7c6e5e4f73cf558576f.js generated SourceMap
@ohif/app: <s> [webpack.Progress] 92% sealing asset processing SourceMapDevToolPlugin 1730.css generate SourceMap
@ohif/app: <s> [webpack.Progress] 92% sealing asset processing SourceMapDevToolPlugin 1730.css generated SourceMap
@ohif/app: <s> [webpack.Progress] 92% sealing asset processing SourceMapDevToolPlugin 1730.bundle.47d543b742e55457f631.js generate SourceMap
@ohif/app: <s> [webpack.Progress] 92% sealing asset processing SourceMapDevToolPlugin 1730.bundle.47d543b742e55457f631.js generated SourceMap
@ohif/app: <s> [webpack.Progress] 92% sealing asset processing SourceMapDevToolPlugin 1933.css generate SourceMap
@ohif/app: <s> [webpack.Progress] 92% sealing asset processing SourceMapDevToolPlugin 1933.css generated SourceMap
@ohif/app: <s> [webpack.Progress] 92% sealing asset processing SourceMapDevToolPlugin 1933.bundle.5f9e5d0a0ab5ed40b326.js generate SourceMap
@ohif/app: <s> [webpack.Progress] 92% sealing asset processing SourceMapDevToolPlugin 1933.bundle.5f9e5d0a0ab5ed40b326.js generated SourceMap
@ohif/app: <s> [webpack.Progress] 92% sealing asset processing SourceMapDevToolPlugin 2424.bundle.7c8ab93ce200cf9293b9.js generate SourceMap
@ohif/app: <s> [webpack.Progress] 92% sealing asset processing SourceMapDevToolPlugin 2424.bundle.7c8ab93ce200cf9293b9.js generated SourceMap
@ohif/app: <s> [webpack.Progress] 92% sealing asset processing SourceMapDevToolPlugin 213.bundle.dc9121477cc5a15a777d.js generate SourceMap
@ohif/app: <s> [webpack.Progress] 92% sealing asset processing SourceMapDevToolPlugin 213.bundle.dc9121477cc5a15a777d.js generated SourceMap
@ohif/app: <s> [webpack.Progress] 92% sealing asset processing SourceMapDevToolPlugin 8583.css generate SourceMap
@ohif/app: <s> [webpack.Progress] 92% sealing asset processing SourceMapDevToolPlugin 8583.css generated SourceMap
@ohif/app: <s> [webpack.Progress] 92% sealing asset processing SourceMapDevToolPlugin 8583.bundle.0a4062ab04d6a44a6202.js generate SourceMap
@ohif/app: <s> [webpack.Progress] 92% sealing asset processing SourceMapDevToolPlugin 8583.bundle.0a4062ab04d6a44a6202.js generated SourceMap
@ohif/app: <s> [webpack.Progress] 92% sealing asset processing SourceMapDevToolPlugin 6163.css generate SourceMap
@ohif/app: <s> [webpack.Progress] 92% sealing asset processing SourceMapDevToolPlugin 6163.css generated SourceMap
@ohif/app: <s> [webpack.Progress] 92% sealing asset processing SourceMapDevToolPlugin 6163.bundle.bb1f7b5fe16462d4171a.js generate SourceMap
@ohif/app: <s> [webpack.Progress] 92% sealing asset processing SourceMapDevToolPlugin 6163.bundle.bb1f7b5fe16462d4171a.js generated SourceMap
@ohif/app: <s> [webpack.Progress] 92% sealing asset processing SourceMapDevToolPlugin 8558.bundle.3c0678258a362023bbe8.js generate SourceMap
@ohif/app: <s> [webpack.Progress] 92% sealing asset processing SourceMapDevToolPlugin 8558.bundle.3c0678258a362023bbe8.js generated SourceMap
@ohif/app: <s> [webpack.Progress] 92% sealing asset processing SourceMapDevToolPlugin 4775.bundle.aeec80dd3037b0d3b012.js generate SourceMap
@ohif/app: <s> [webpack.Progress] 92% sealing asset processing SourceMapDevToolPlugin 4775.bundle.aeec80dd3037b0d3b012.js generated SourceMap
@ohif/app: <s> [webpack.Progress] 92% sealing asset processing SourceMapDevToolPlugin 5457.bundle.81017f1a1bb482a257ba.js generate SourceMap
@ohif/app: <s> [webpack.Progress] 92% sealing asset processing SourceMapDevToolPlugin 5457.bundle.81017f1a1bb482a257ba.js generated SourceMap
@ohif/app: <s> [webpack.Progress] 92% sealing asset processing SourceMapDevToolPlugin 5485.bundle.417576309947fe318170.js generate SourceMap
@ohif/app: <s> [webpack.Progress] 92% sealing asset processing SourceMapDevToolPlugin 5485.bundle.417576309947fe318170.js generated SourceMap
@ohif/app: <s> [webpack.Progress] 92% sealing asset processing SourceMapDevToolPlugin 2018.bundle.ca627b1e583623137743.js generate SourceMap
@ohif/app: <s> [webpack.Progress] 92% sealing asset processing SourceMapDevToolPlugin 2018.bundle.ca627b1e583623137743.js generated SourceMap
@ohif/app: <s> [webpack.Progress] 92% sealing asset processing SourceMapDevToolPlugin 9927.bundle.f827171a6e4ad5b11411.js generate SourceMap
@ohif/app: <s> [webpack.Progress] 92% sealing asset processing SourceMapDevToolPlugin 9927.bundle.f827171a6e4ad5b11411.js generated SourceMap
@ohif/app: <s> [webpack.Progress] 92% sealing asset processing SourceMapDevToolPlugin 1459.bundle.780ddded561b5abe8904.js generate SourceMap
@ohif/app: <s> [webpack.Progress] 92% sealing asset processing SourceMapDevToolPlugin 1459.bundle.780ddded561b5abe8904.js generated SourceMap
@ohif/app: <s> [webpack.Progress] 92% sealing asset processing SourceMapDevToolPlugin 7639.bundle.22ab39ab05c441170afa.js generate SourceMap
@ohif/app: <s> [webpack.Progress] 92% sealing asset processing SourceMapDevToolPlugin 7639.bundle.22ab39ab05c441170afa.js generated SourceMap
@ohif/app: <s> [webpack.Progress] 92% sealing asset processing SourceMapDevToolPlugin 85.bundle.8b86d7f40f6fc9156c5c.js generate SourceMap
@ohif/app: <s> [webpack.Progress] 92% sealing asset processing SourceMapDevToolPlugin 85.bundle.8b86d7f40f6fc9156c5c.js generated SourceMap
@ohif/app: <s> [webpack.Progress] 92% sealing asset processing SourceMapDevToolPlugin 6027.bundle.6ac1bbb7b4e9c8ec889b.js generate SourceMap
@ohif/app: <s> [webpack.Progress] 92% sealing asset processing SourceMapDevToolPlugin 6027.bundle.6ac1bbb7b4e9c8ec889b.js generated SourceMap
@ohif/app: <s> [webpack.Progress] 92% sealing asset processing SourceMapDevToolPlugin 1403.bundle.02477c967d512958bc15.js generate SourceMap
@ohif/app: <s> [webpack.Progress] 92% sealing asset processing SourceMapDevToolPlugin 1403.bundle.02477c967d512958bc15.js generated SourceMap
@ohif/app: <s> [webpack.Progress] 92% sealing asset processing SourceMapDevToolPlugin compute.bundle.048278cb1787fa15eddc.js generate SourceMap
@ohif/app: <s> [webpack.Progress] 92% sealing asset processing SourceMapDevToolPlugin compute.bundle.048278cb1787fa15eddc.js generated SourceMap
@ohif/app: <s> [webpack.Progress] 92% sealing asset processing SourceMapDevToolPlugin 147.css generate SourceMap
@ohif/app: <s> [webpack.Progress] 92% sealing asset processing SourceMapDevToolPlugin 147.css generated SourceMap
@ohif/app: <s> [webpack.Progress] 92% sealing asset processing SourceMapDevToolPlugin 147.bundle.96728e3e774f03118c29.js generate SourceMap
@ohif/app: <s> [webpack.Progress] 92% sealing asset processing SourceMapDevToolPlugin 147.bundle.96728e3e774f03118c29.js generated SourceMap
@ohif/app: <s> [webpack.Progress] 92% sealing asset processing SourceMapDevToolPlugin polySeg.bundle.20284350eef20707dccc.js generate SourceMap
@ohif/app: <s> [webpack.Progress] 92% sealing asset processing SourceMapDevToolPlugin polySeg.bundle.20284350eef20707dccc.js generated SourceMap
@ohif/app: <s> [webpack.Progress] 92% sealing asset processing SourceMapDevToolPlugin interpolation.bundle.00ed5a3f618ef0460970.js generate SourceMap
@ohif/app: <s> [webpack.Progress] 92% sealing asset processing SourceMapDevToolPlugin interpolation.bundle.00ed5a3f618ef0460970.js generated SourceMap
@ohif/app: <s> [webpack.Progress] 92% sealing asset processing SourceMapDevToolPlugin histogram-worker.bundle.411745805d3eebbcb719.js generate SourceMap
@ohif/app: <s> [webpack.Progress] 92% sealing asset processing SourceMapDevToolPlugin histogram-worker.bundle.411745805d3eebbcb719.js generated SourceMap
@ohif/app: <s> [webpack.Progress] 92% sealing asset processing SourceMapDevToolPlugin 2701.bundle.0cb35a68869f77f2e34a.js generate SourceMap
@ohif/app: <s> [webpack.Progress] 92% sealing asset processing SourceMapDevToolPlugin 2701.bundle.0cb35a68869f77f2e34a.js generated SourceMap
@ohif/app: <s> [webpack.Progress] 92% sealing asset processing SourceMapDevToolPlugin 9862.bundle.1b4d1e9b189fc68c324a.js generate SourceMap
@ohif/app: <s> [webpack.Progress] 92% sealing asset processing SourceMapDevToolPlugin 9862.bundle.1b4d1e9b189fc68c324a.js generated SourceMap
@ohif/app: <s> [webpack.Progress] 92% sealing asset processing SourceMapDevToolPlugin 9845.bundle.08e72c3aa48e586c2f10.js generate SourceMap
@ohif/app: <s> [webpack.Progress] 92% sealing asset processing SourceMapDevToolPlugin 9845.bundle.08e72c3aa48e586c2f10.js generated SourceMap
@ohif/app: <s> [webpack.Progress] 92% sealing asset processing SourceMapDevToolPlugin 4202.bundle.8f70a4bdd35ce105a46a.js generate SourceMap
@ohif/app: <s> [webpack.Progress] 92% sealing asset processing SourceMapDevToolPlugin 4202.bundle.8f70a4bdd35ce105a46a.js generated SourceMap
@ohif/app: <s> [webpack.Progress] 92% sealing asset processing SourceMapDevToolPlugin 5802.css generate SourceMap
@ohif/app: <s> [webpack.Progress] 92% sealing asset processing SourceMapDevToolPlugin 5802.css generated SourceMap
@ohif/app: <s> [webpack.Progress] 92% sealing asset processing SourceMapDevToolPlugin 5802.bundle.70dc624fd68916031811.js generate SourceMap
@ohif/app: <s> [webpack.Progress] 92% sealing asset processing SourceMapDevToolPlugin 5802.bundle.70dc624fd68916031811.js generated SourceMap
@ohif/app: <s> [webpack.Progress] 92% sealing asset processing SourceMapDevToolPlugin 7159.css generate SourceMap
@ohif/app: <s> [webpack.Progress] 92% sealing asset processing SourceMapDevToolPlugin 7159.css generated SourceMap
@ohif/app: <s> [webpack.Progress] 92% sealing asset processing SourceMapDevToolPlugin 7159.bundle.57fd42252d370a23aec9.js generate SourceMap
@ohif/app: <s> [webpack.Progress] 92% sealing asset processing SourceMapDevToolPlugin 7159.bundle.57fd42252d370a23aec9.js generated SourceMap
@ohif/app: <s> [webpack.Progress] 92% sealing asset processing SourceMapDevToolPlugin 6939.bundle.26a4578e71b75dfab54e.js generate SourceMap
@ohif/app: <s> [webpack.Progress] 92% sealing asset processing SourceMapDevToolPlugin 6939.bundle.26a4578e71b75dfab54e.js generated SourceMap
@ohif/app: <s> [webpack.Progress] 92% sealing asset processing SourceMapDevToolPlugin 1608.css generate SourceMap
@ohif/app: <s> [webpack.Progress] 92% sealing asset processing SourceMapDevToolPlugin 1608.css generated SourceMap
@ohif/app: <s> [webpack.Progress] 92% sealing asset processing SourceMapDevToolPlugin 1608.bundle.7ce907bfb5542cb534fd.js generate SourceMap
@ohif/app: <s> [webpack.Progress] 92% sealing asset processing SourceMapDevToolPlugin 1608.bundle.7ce907bfb5542cb534fd.js generated SourceMap
@ohif/app: <s> [webpack.Progress] 92% sealing asset processing SourceMapDevToolPlugin 7758.bundle.d0aca816784601c3c3c8.js generate SourceMap
@ohif/app: <s> [webpack.Progress] 92% sealing asset processing SourceMapDevToolPlugin 7758.bundle.d0aca816784601c3c3c8.js generated SourceMap
@ohif/app: <s> [webpack.Progress] 92% sealing asset processing SourceMapDevToolPlugin 5830.bundle.eff0c0f3b9158dca657e.js generate SourceMap
@ohif/app: <s> [webpack.Progress] 92% sealing asset processing SourceMapDevToolPlugin 5830.bundle.eff0c0f3b9158dca657e.js generated SourceMap
@ohif/app: <s> [webpack.Progress] 92% sealing asset processing SourceMapDevToolPlugin 2516.bundle.17712f2604f702c37211.js generate SourceMap
@ohif/app: <s> [webpack.Progress] 92% sealing asset processing SourceMapDevToolPlugin 2516.bundle.17712f2604f702c37211.js generated SourceMap
@ohif/app: <s> [webpack.Progress] 92% sealing asset processing SourceMapDevToolPlugin 6376.bundle.7d5fc0a0dbe52b43da41.js generate SourceMap
@ohif/app: <s> [webpack.Progress] 92% sealing asset processing SourceMapDevToolPlugin 6376.bundle.7d5fc0a0dbe52b43da41.js generated SourceMap
@ohif/app: <s> [webpack.Progress] 92% sealing asset processing SourceMapDevToolPlugin 4019.bundle.0a026fdb6e196c626454.js generate SourceMap
@ohif/app: <s> [webpack.Progress] 92% sealing asset processing SourceMapDevToolPlugin 4019.bundle.0a026fdb6e196c626454.js generated SourceMap
@ohif/app: <s> [webpack.Progress] 92% sealing asset processing SourceMapDevToolPlugin 3584.bundle.2dfc1c3f831095eaa79a.js generate SourceMap
@ohif/app: <s> [webpack.Progress] 92% sealing asset processing SourceMapDevToolPlugin 3584.bundle.2dfc1c3f831095eaa79a.js generated SourceMap
@ohif/app: <s> [webpack.Progress] 92% sealing asset processing SourceMapDevToolPlugin 5400.bundle.5a07ce92ee04c066edbd.js generate SourceMap
@ohif/app: <s> [webpack.Progress] 92% sealing asset processing SourceMapDevToolPlugin 5400.bundle.5a07ce92ee04c066edbd.js generated SourceMap
@ohif/app: <s> [webpack.Progress] 92% sealing asset processing SourceMapDevToolPlugin 7412.bundle.bc4969ec0985f46d5e29.js generate SourceMap
@ohif/app: <s> [webpack.Progress] 92% sealing asset processing SourceMapDevToolPlugin 7412.bundle.bc4969ec0985f46d5e29.js generated SourceMap
@ohif/app: <s> [webpack.Progress] 92% sealing asset processing SourceMapDevToolPlugin 2108.bundle.e57164d1c50fe42123a6.js generate SourceMap
@ohif/app: <s> [webpack.Progress] 92% sealing asset processing SourceMapDevToolPlugin 2108.bundle.e57164d1c50fe42123a6.js generated SourceMap
@ohif/app: <s> [webpack.Progress] 92% sealing asset processing SourceMapDevToolPlugin 7431.bundle.4713909b8c30f5f97d1f.js generate SourceMap
@ohif/app: <s> [webpack.Progress] 92% sealing asset processing SourceMapDevToolPlugin 7431.bundle.4713909b8c30f5f97d1f.js generated SourceMap
@ohif/app: <s> [webpack.Progress] 92% sealing asset processing SourceMapDevToolPlugin 3353.bundle.50e7e9c6932294f4ed6c.js generate SourceMap
@ohif/app: <s> [webpack.Progress] 92% sealing asset processing SourceMapDevToolPlugin 3353.bundle.50e7e9c6932294f4ed6c.js generated SourceMap
@ohif/app: <s> [webpack.Progress] 92% sealing asset processing SourceMapDevToolPlugin 6354.bundle.2a8ca9aa4116e6c6cc06.js generate SourceMap
@ohif/app: <s> [webpack.Progress] 92% sealing asset processing SourceMapDevToolPlugin 6354.bundle.2a8ca9aa4116e6c6cc06.js generated SourceMap
@ohif/app: <s> [webpack.Progress] 92% sealing asset processing SourceMapDevToolPlugin 7190.bundle.cc1b097f3a5fa9e8ef73.js generate SourceMap
@ohif/app: <s> [webpack.Progress] 92% sealing asset processing SourceMapDevToolPlugin 7190.bundle.cc1b097f3a5fa9e8ef73.js generated SourceMap
@ohif/app: <s> [webpack.Progress] 92% sealing asset processing SourceMapDevToolPlugin 5448.bundle.cff3be132c63ec5fe40c.js generate SourceMap
@ohif/app: <s> [webpack.Progress] 92% sealing asset processing SourceMapDevToolPlugin 5448.bundle.cff3be132c63ec5fe40c.js generated SourceMap
@ohif/app: <s> [webpack.Progress] 92% sealing asset processing SourceMapDevToolPlugin 5491.bundle.df47756ad00ef6e738c3.js generate SourceMap
@ohif/app: <s> [webpack.Progress] 92% sealing asset processing SourceMapDevToolPlugin 5491.bundle.df47756ad00ef6e738c3.js generated SourceMap
@ohif/app: <s> [webpack.Progress] 92% sealing asset processing SourceMapDevToolPlugin 2838.bundle.abf8b12af25492429ba6.js generate SourceMap
@ohif/app: <s> [webpack.Progress] 92% sealing asset processing SourceMapDevToolPlugin 2838.bundle.abf8b12af25492429ba6.js generated SourceMap
@ohif/app: <s> [webpack.Progress] 92% sealing asset processing SourceMapDevToolPlugin 5549.bundle.d7e22e14d099cd8ee979.js generate SourceMap
@ohif/app: <s> [webpack.Progress] 92% sealing asset processing SourceMapDevToolPlugin 5549.bundle.d7e22e14d099cd8ee979.js generated SourceMap
@ohif/app: <s> [webpack.Progress] 92% sealing asset processing SourceMapDevToolPlugin 2842.bundle.e238dfe2d6c09979a310.js generate SourceMap
@ohif/app: <s> [webpack.Progress] 92% sealing asset processing SourceMapDevToolPlugin 2842.bundle.e238dfe2d6c09979a310.js generated SourceMap
@ohif/app: <s> [webpack.Progress] 92% sealing asset processing SourceMapDevToolPlugin 5261.bundle.b019246de6e7bde69ab4.js generate SourceMap
@ohif/app: <s> [webpack.Progress] 92% sealing asset processing SourceMapDevToolPlugin 5261.bundle.b019246de6e7bde69ab4.js generated SourceMap
@ohif/app: <s> [webpack.Progress] 92% sealing asset processing SourceMapDevToolPlugin 5858.bundle.3f699b6b0ff9e347bf14.js generate SourceMap
@ohif/app: <s> [webpack.Progress] 92% sealing asset processing SourceMapDevToolPlugin 5858.bundle.3f699b6b0ff9e347bf14.js generated SourceMap
@ohif/app: <s> [webpack.Progress] 92% sealing asset processing SourceMapDevToolPlugin 7861.bundle.640062b3c5b0844a1e8b.js generate SourceMap
@ohif/app: <s> [webpack.Progress] 92% sealing asset processing SourceMapDevToolPlugin 7861.bundle.640062b3c5b0844a1e8b.js generated SourceMap
@ohif/app: <s> [webpack.Progress] 92% sealing asset processing SourceMapDevToolPlugin 3081.bundle.5d2ef745e2f4ceaf1c0f.js generate SourceMap
@ohif/app: <s> [webpack.Progress] 92% sealing asset processing SourceMapDevToolPlugin 3081.bundle.5d2ef745e2f4ceaf1c0f.js generated SourceMap
@ohif/app: <s> [webpack.Progress] 92% sealing asset processing SourceMapDevToolPlugin 3461.bundle.5afd78a4e0165d1fa190.js generate SourceMap
@ohif/app: <s> [webpack.Progress] 92% sealing asset processing SourceMapDevToolPlugin 3461.bundle.5afd78a4e0165d1fa190.js generated SourceMap
@ohif/app: <s> [webpack.Progress] 92% sealing asset processing SourceMapDevToolPlugin google.js generate SourceMap
@ohif/app: <s> [webpack.Progress] 92% sealing asset processing SourceMapDevToolPlugin google.js generated SourceMap
@ohif/app: <s> [webpack.Progress] 92% sealing asset processing SourceMapDevToolPlugin app-config.js generate SourceMap
@ohif/app: <s> [webpack.Progress] 92% sealing asset processing SourceMapDevToolPlugin app-config.js generated SourceMap
@ohif/app: <s> [webpack.Progress] 92% sealing asset processing SourceMapDevToolPlugin es6-shim.min.js generate SourceMap
@ohif/app: <s> [webpack.Progress] 92% sealing asset processing SourceMapDevToolPlugin es6-shim.min.js generated SourceMap
@ohif/app: <s> [webpack.Progress] 92% sealing asset processing SourceMapDevToolPlugin init-service-worker.js generate SourceMap
@ohif/app: <s> [webpack.Progress] 92% sealing asset processing SourceMapDevToolPlugin init-service-worker.js generated SourceMap
@ohif/app: <s> [webpack.Progress] 92% sealing asset processing SourceMapDevToolPlugin oidc-client.min.js generate SourceMap
@ohif/app: <s> [webpack.Progress] 92% sealing asset processing SourceMapDevToolPlugin oidc-client.min.js generated SourceMap
@ohif/app: <s> [webpack.Progress] 92% sealing asset processing SourceMapDevToolPlugin polyfill.min.js generate SourceMap
@ohif/app: <s> [webpack.Progress] 92% sealing asset processing SourceMapDevToolPlugin polyfill.min.js generated SourceMap
@ohif/app: <s> [webpack.Progress] 92% sealing asset processing SourceMapDevToolPlugin dicom-microscopy-viewer/dataLoader.worker.min.js generate SourceMap
@ohif/app: <s> [webpack.Progress] 92% sealing asset processing SourceMapDevToolPlugin dicom-microscopy-viewer/dataLoader.worker.min.js generated SourceMap
@ohif/app: <s> [webpack.Progress] 92% sealing asset processing SourceMapDevToolPlugin dicom-microscopy-viewer/dicomMicroscopyViewer.min.js generate SourceMap
@ohif/app: <s> [webpack.Progress] 92% sealing asset processing SourceMapDevToolPlugin dicom-microscopy-viewer/dicomMicroscopyViewer.min.js generated SourceMap
@ohif/app: <s> [webpack.Progress] 92% sealing asset processing SourceMapDevToolPlugin ort/ort.all.js generate SourceMap
@ohif/app: <s> [webpack.Progress] 92% sealing asset processing SourceMapDevToolPlugin ort/ort.all.js generated SourceMap
@ohif/app: <s> [webpack.Progress] 92% sealing asset processing SourceMapDevToolPlugin ort/ort.all.min.js generate SourceMap
@ohif/app: <s> [webpack.Progress] 92% sealing asset processing SourceMapDevToolPlugin ort/ort.all.min.js generated SourceMap
@ohif/app: <s> [webpack.Progress] 92% sealing asset processing SourceMapDevToolPlugin ort/ort.js generate SourceMap
@ohif/app: <s> [webpack.Progress] 92% sealing asset processing SourceMapDevToolPlugin ort/ort.js generated SourceMap
@ohif/app: <s> [webpack.Progress] 92% sealing asset processing SourceMapDevToolPlugin ort/ort.min.js generate SourceMap
@ohif/app: <s> [webpack.Progress] 92% sealing asset processing SourceMapDevToolPlugin ort/ort.min.js generated SourceMap
@ohif/app: <s> [webpack.Progress] 92% sealing asset processing SourceMapDevToolPlugin ort/ort.node.min.js generate SourceMap
@ohif/app: <s> [webpack.Progress] 92% sealing asset processing SourceMapDevToolPlugin ort/ort.node.min.js generated SourceMap
@ohif/app: <s> [webpack.Progress] 92% sealing asset processing SourceMapDevToolPlugin ort/ort.training.wasm.min.js generate SourceMap
@ohif/app: <s> [webpack.Progress] 92% sealing asset processing SourceMapDevToolPlugin ort/ort.training.wasm.min.js generated SourceMap
@ohif/app: <s> [webpack.Progress] 92% sealing asset processing SourceMapDevToolPlugin ort/ort.wasm-core.min.js generate SourceMap
@ohif/app: <s> [webpack.Progress] 92% sealing asset processing SourceMapDevToolPlugin ort/ort.wasm-core.min.js generated SourceMap
@ohif/app: <s> [webpack.Progress] 92% sealing asset processing SourceMapDevToolPlugin ort/ort.wasm.min.js generate SourceMap
@ohif/app: <s> [webpack.Progress] 92% sealing asset processing SourceMapDevToolPlugin ort/ort.wasm.min.js generated SourceMap
@ohif/app: <s> [webpack.Progress] 92% sealing asset processing SourceMapDevToolPlugin ort/ort.webgl.min.js generate SourceMap
@ohif/app: <s> [webpack.Progress] 92% sealing asset processing SourceMapDevToolPlugin ort/ort.webgl.min.js generated SourceMap
@ohif/app: <s> [webpack.Progress] 92% sealing asset processing SourceMapDevToolPlugin ort/ort.webgpu.min.js generate SourceMap
@ohif/app: <s> [webpack.Progress] 92% sealing asset processing SourceMapDevToolPlugin ort/ort.webgpu.min.js generated SourceMap
@ohif/app: <s> [webpack.Progress] 92% sealing asset processing SourceMapDevToolPlugin ort/cjs/ort.all.min.js generate SourceMap
@ohif/app: <s> [webpack.Progress] 92% sealing asset processing SourceMapDevToolPlugin ort/cjs/ort.all.min.js generated SourceMap
@ohif/app: <s> [webpack.Progress] 92% sealing asset processing SourceMapDevToolPlugin ort/cjs/ort.min.js generate SourceMap
@ohif/app: <s> [webpack.Progress] 92% sealing asset processing SourceMapDevToolPlugin ort/cjs/ort.min.js generated SourceMap
@ohif/app: <s> [webpack.Progress] 92% sealing asset processing SourceMapDevToolPlugin ort/cjs/ort.training.wasm.min.js generate SourceMap
@ohif/app: <s> [webpack.Progress] 92% sealing asset processing SourceMapDevToolPlugin ort/cjs/ort.training.wasm.min.js generated SourceMap
@ohif/app: <s> [webpack.Progress] 92% sealing asset processing SourceMapDevToolPlugin ort/cjs/ort.wasm-core.min.js generate SourceMap
@ohif/app: <s> [webpack.Progress] 92% sealing asset processing SourceMapDevToolPlugin ort/cjs/ort.wasm-core.min.js generated SourceMap
@ohif/app: <s> [webpack.Progress] 92% sealing asset processing SourceMapDevToolPlugin ort/cjs/ort.wasm.min.js generate SourceMap
@ohif/app: <s> [webpack.Progress] 92% sealing asset processing SourceMapDevToolPlugin ort/cjs/ort.wasm.min.js generated SourceMap
@ohif/app: <s> [webpack.Progress] 92% sealing asset processing SourceMapDevToolPlugin ort/cjs/ort.webgl.min.js generate SourceMap
@ohif/app: <s> [webpack.Progress] 92% sealing asset processing SourceMapDevToolPlugin ort/cjs/ort.webgl.min.js generated SourceMap
@ohif/app: <s> [webpack.Progress] 92% sealing asset processing SourceMapDevToolPlugin ort/cjs/ort.webgpu.min.js generate SourceMap
@ohif/app: <s> [webpack.Progress] 92% sealing asset processing SourceMapDevToolPlugin ort/cjs/ort.webgpu.min.js generated SourceMap
@ohif/app: <s> [webpack.Progress] 92% sealing asset processing SourceMapDevToolPlugin ort/esm/ort.all.min.js generate SourceMap
@ohif/app: <s> [webpack.Progress] 92% sealing asset processing SourceMapDevToolPlugin ort/esm/ort.all.min.js generated SourceMap
@ohif/app: <s> [webpack.Progress] 92% sealing asset processing SourceMapDevToolPlugin ort/esm/ort.min.js generate SourceMap
@ohif/app: <s> [webpack.Progress] 92% sealing asset processing SourceMapDevToolPlugin ort/esm/ort.min.js generated SourceMap
@ohif/app: <s> [webpack.Progress] 92% sealing asset processing SourceMapDevToolPlugin ort/esm/ort.training.wasm.min.js generate SourceMap
@ohif/app: <s> [webpack.Progress] 92% sealing asset processing SourceMapDevToolPlugin ort/esm/ort.training.wasm.min.js generated SourceMap
@ohif/app: <s> [webpack.Progress] 92% sealing asset processing SourceMapDevToolPlugin ort/esm/ort.wasm-core.min.js generate SourceMap
@ohif/app: <s> [webpack.Progress] 92% sealing asset processing SourceMapDevToolPlugin ort/esm/ort.wasm-core.min.js generated SourceMap
@ohif/app: <s> [webpack.Progress] 92% sealing asset processing SourceMapDevToolPlugin ort/esm/ort.wasm.min.js generate SourceMap
@ohif/app: <s> [webpack.Progress] 92% sealing asset processing SourceMapDevToolPlugin ort/esm/ort.wasm.min.js generated SourceMap
@ohif/app: <s> [webpack.Progress] 92% sealing asset processing SourceMapDevToolPlugin ort/esm/ort.webgl.min.js generate SourceMap
@ohif/app: <s> [webpack.Progress] 92% sealing asset processing SourceMapDevToolPlugin ort/esm/ort.webgl.min.js generated SourceMap
@ohif/app: <s> [webpack.Progress] 92% sealing asset processing SourceMapDevToolPlugin ort/esm/ort.webgpu.min.js generate SourceMap
@ohif/app: <s> [webpack.Progress] 92% sealing asset processing SourceMapDevToolPlugin ort/esm/ort.webgpu.min.js generated SourceMap
@ohif/app: <s> [webpack.Progress] 92% sealing asset processing SourceMapDevToolPlugin resolve sources
@ohif/app: <s> [webpack.Progress] 92% sealing asset processing SourceMapDevToolPlugin app.bundle.css attach SourceMap
@ohif/app: <s> [webpack.Progress] 92% sealing asset processing SourceMapDevToolPlugin app.bundle.css attached SourceMap
@ohif/app: <s> [webpack.Progress] 92% sealing asset processing SourceMapDevToolPlugin app.bundle.64377014108ba91122e9.js attach SourceMap
@ohif/app: <s> [webpack.Progress] 92% sealing asset processing SourceMapDevToolPlugin app.bundle.64377014108ba91122e9.js attached SourceMap
@ohif/app: <s> [webpack.Progress] 92% sealing asset processing SourceMapDevToolPlugin 1927.bundle.32977df326944c7d5beb.js attach SourceMap
@ohif/app: <s> [webpack.Progress] 92% sealing asset processing SourceMapDevToolPlugin 1927.bundle.32977df326944c7d5beb.js attached SourceMap
@ohif/app: <s> [webpack.Progress] 92% sealing asset processing SourceMapDevToolPlugin 8094.bundle.abc38ad6d447d8a313b8.js attach SourceMap
@ohif/app: <s> [webpack.Progress] 92% sealing asset processing SourceMapDevToolPlugin 8094.bundle.abc38ad6d447d8a313b8.js attached SourceMap
@ohif/app: <s> [webpack.Progress] 92% sealing asset processing SourceMapDevToolPlugin 732.bundle.4b911d72a53017375da8.js attach SourceMap
@ohif/app: <s> [webpack.Progress] 92% sealing asset processing SourceMapDevToolPlugin 732.bundle.4b911d72a53017375da8.js attached SourceMap
@ohif/app: <s> [webpack.Progress] 92% sealing asset processing SourceMapDevToolPlugin 3343.css attach SourceMap
@ohif/app: <s> [webpack.Progress] 92% sealing asset processing SourceMapDevToolPlugin 3343.css attached SourceMap
@ohif/app: <s> [webpack.Progress] 92% sealing asset processing SourceMapDevToolPlugin 3343.bundle.d559dd0dfb7ad69b5c58.js attach SourceMap
@ohif/app: <s> [webpack.Progress] 92% sealing asset processing SourceMapDevToolPlugin 3343.bundle.d559dd0dfb7ad69b5c58.js attached SourceMap
@ohif/app: <s> [webpack.Progress] 92% sealing asset processing SourceMapDevToolPlugin 4819.css attach SourceMap
@ohif/app: <s> [webpack.Progress] 92% sealing asset processing SourceMapDevToolPlugin 4819.css attached SourceMap
@ohif/app: <s> [webpack.Progress] 92% sealing asset processing SourceMapDevToolPlugin 4819.bundle.1be7302c859620f059f4.js attach SourceMap
@ohif/app: <s> [webpack.Progress] 92% sealing asset processing SourceMapDevToolPlugin 4819.bundle.1be7302c859620f059f4.js attached SourceMap
@ohif/app: <s> [webpack.Progress] 92% sealing asset processing SourceMapDevToolPlugin 2591.css attach SourceMap
@ohif/app: <s> [webpack.Progress] 92% sealing asset processing SourceMapDevToolPlugin 2591.css attached SourceMap
@ohif/app: <s> [webpack.Progress] 92% sealing asset processing SourceMapDevToolPlugin 8305.css attach SourceMap
@ohif/app: <s> [webpack.Progress] 92% sealing asset processing SourceMapDevToolPlugin 8305.css attached SourceMap
@ohif/app: <s> [webpack.Progress] 92% sealing asset processing SourceMapDevToolPlugin 8305.bundle.909ccaf0b024634354d7.js attach SourceMap
@ohif/app: <s> [webpack.Progress] 92% sealing asset processing SourceMapDevToolPlugin 8305.bundle.909ccaf0b024634354d7.js attached SourceMap
@ohif/app: <s> [webpack.Progress] 92% sealing asset processing SourceMapDevToolPlugin 5028.css attach SourceMap
@ohif/app: <s> [webpack.Progress] 92% sealing asset processing SourceMapDevToolPlugin 5028.css attached SourceMap
@ohif/app: <s> [webpack.Progress] 92% sealing asset processing SourceMapDevToolPlugin 5028.bundle.a7c6e5e4f73cf558576f.js attach SourceMap
@ohif/app: <s> [webpack.Progress] 92% sealing asset processing SourceMapDevToolPlugin 5028.bundle.a7c6e5e4f73cf558576f.js attached SourceMap
@ohif/app: <s> [webpack.Progress] 92% sealing asset processing SourceMapDevToolPlugin 1730.css attach SourceMap
@ohif/app: <s> [webpack.Progress] 92% sealing asset processing SourceMapDevToolPlugin 1730.css attached SourceMap
@ohif/app: <s> [webpack.Progress] 92% sealing asset processing SourceMapDevToolPlugin 1730.bundle.47d543b742e55457f631.js attach SourceMap
@ohif/app: <s> [webpack.Progress] 92% sealing asset processing SourceMapDevToolPlugin 1730.bundle.47d543b742e55457f631.js attached SourceMap
@ohif/app: <s> [webpack.Progress] 92% sealing asset processing SourceMapDevToolPlugin 1933.css attach SourceMap
@ohif/app: <s> [webpack.Progress] 92% sealing asset processing SourceMapDevToolPlugin 1933.css attached SourceMap
@ohif/app: <s> [webpack.Progress] 92% sealing asset processing SourceMapDevToolPlugin 1933.bundle.5f9e5d0a0ab5ed40b326.js attach SourceMap
@ohif/app: <s> [webpack.Progress] 92% sealing asset processing SourceMapDevToolPlugin 1933.bundle.5f9e5d0a0ab5ed40b326.js attached SourceMap
@ohif/app: <s> [webpack.Progress] 92% sealing asset processing SourceMapDevToolPlugin 2424.bundle.7c8ab93ce200cf9293b9.js attach SourceMap
@ohif/app: <s> [webpack.Progress] 92% sealing asset processing SourceMapDevToolPlugin 2424.bundle.7c8ab93ce200cf9293b9.js attached SourceMap
@ohif/app: <s> [webpack.Progress] 92% sealing asset processing SourceMapDevToolPlugin 213.bundle.dc9121477cc5a15a777d.js attach SourceMap
@ohif/app: <s> [webpack.Progress] 92% sealing asset processing SourceMapDevToolPlugin 213.bundle.dc9121477cc5a15a777d.js attached SourceMap
@ohif/app: <s> [webpack.Progress] 92% sealing asset processing SourceMapDevToolPlugin 8583.css attach SourceMap
@ohif/app: <s> [webpack.Progress] 92% sealing asset processing SourceMapDevToolPlugin 8583.css attached SourceMap
@ohif/app: <s> [webpack.Progress] 92% sealing asset processing SourceMapDevToolPlugin 8583.bundle.0a4062ab04d6a44a6202.js attach SourceMap
@ohif/app: <s> [webpack.Progress] 92% sealing asset processing SourceMapDevToolPlugin 8583.bundle.0a4062ab04d6a44a6202.js attached SourceMap
@ohif/app: <s> [webpack.Progress] 92% sealing asset processing SourceMapDevToolPlugin 6163.css attach SourceMap
@ohif/app: <s> [webpack.Progress] 92% sealing asset processing SourceMapDevToolPlugin 6163.css attached SourceMap
@ohif/app: <s> [webpack.Progress] 92% sealing asset processing SourceMapDevToolPlugin 6163.bundle.bb1f7b5fe16462d4171a.js attach SourceMap
@ohif/app: <s> [webpack.Progress] 92% sealing asset processing SourceMapDevToolPlugin 6163.bundle.bb1f7b5fe16462d4171a.js attached SourceMap
@ohif/app: <s> [webpack.Progress] 92% sealing asset processing SourceMapDevToolPlugin 8558.bundle.3c0678258a362023bbe8.js attach SourceMap
@ohif/app: <s> [webpack.Progress] 92% sealing asset processing SourceMapDevToolPlugin 8558.bundle.3c0678258a362023bbe8.js attached SourceMap
@ohif/app: <s> [webpack.Progress] 92% sealing asset processing SourceMapDevToolPlugin 4775.bundle.aeec80dd3037b0d3b012.js attach SourceMap
@ohif/app: <s> [webpack.Progress] 92% sealing asset processing SourceMapDevToolPlugin 4775.bundle.aeec80dd3037b0d3b012.js attached SourceMap
@ohif/app: <s> [webpack.Progress] 92% sealing asset processing SourceMapDevToolPlugin 5457.bundle.81017f1a1bb482a257ba.js attach SourceMap
@ohif/app: <s> [webpack.Progress] 92% sealing asset processing SourceMapDevToolPlugin 5457.bundle.81017f1a1bb482a257ba.js attached SourceMap
@ohif/app: <s> [webpack.Progress] 92% sealing asset processing SourceMapDevToolPlugin 5485.bundle.417576309947fe318170.js attach SourceMap
@ohif/app: <s> [webpack.Progress] 92% sealing asset processing SourceMapDevToolPlugin 5485.bundle.417576309947fe318170.js attached SourceMap
@ohif/app: <s> [webpack.Progress] 92% sealing asset processing SourceMapDevToolPlugin 2018.bundle.ca627b1e583623137743.js attach SourceMap
@ohif/app: <s> [webpack.Progress] 92% sealing asset processing SourceMapDevToolPlugin 2018.bundle.ca627b1e583623137743.js attached SourceMap
@ohif/app: <s> [webpack.Progress] 92% sealing asset processing SourceMapDevToolPlugin 9927.bundle.f827171a6e4ad5b11411.js attach SourceMap
@ohif/app: <s> [webpack.Progress] 92% sealing asset processing SourceMapDevToolPlugin 9927.bundle.f827171a6e4ad5b11411.js attached SourceMap
@ohif/app: <s> [webpack.Progress] 92% sealing asset processing SourceMapDevToolPlugin 1459.bundle.780ddded561b5abe8904.js attach SourceMap
@ohif/app: <s> [webpack.Progress] 92% sealing asset processing SourceMapDevToolPlugin 1459.bundle.780ddded561b5abe8904.js attached SourceMap
@ohif/app: <s> [webpack.Progress] 92% sealing asset processing SourceMapDevToolPlugin 7639.bundle.22ab39ab05c441170afa.js attach SourceMap
@ohif/app: <s> [webpack.Progress] 92% sealing asset processing SourceMapDevToolPlugin 7639.bundle.22ab39ab05c441170afa.js attached SourceMap
@ohif/app: <s> [webpack.Progress] 92% sealing asset processing SourceMapDevToolPlugin 85.bundle.8b86d7f40f6fc9156c5c.js attach SourceMap
@ohif/app: <s> [webpack.Progress] 92% sealing asset processing SourceMapDevToolPlugin 85.bundle.8b86d7f40f6fc9156c5c.js attached SourceMap
@ohif/app: <s> [webpack.Progress] 92% sealing asset processing SourceMapDevToolPlugin 6027.bundle.6ac1bbb7b4e9c8ec889b.js attach SourceMap
@ohif/app: <s> [webpack.Progress] 92% sealing asset processing SourceMapDevToolPlugin 6027.bundle.6ac1bbb7b4e9c8ec889b.js attached SourceMap
@ohif/app: <s> [webpack.Progress] 92% sealing asset processing SourceMapDevToolPlugin 1403.bundle.02477c967d512958bc15.js attach SourceMap
@ohif/app: <s> [webpack.Progress] 92% sealing asset processing SourceMapDevToolPlugin 1403.bundle.02477c967d512958bc15.js attached SourceMap
@ohif/app: <s> [webpack.Progress] 92% sealing asset processing SourceMapDevToolPlugin compute.bundle.048278cb1787fa15eddc.js attach SourceMap
@ohif/app: <s> [webpack.Progress] 92% sealing asset processing SourceMapDevToolPlugin compute.bundle.048278cb1787fa15eddc.js attached SourceMap
@ohif/app: <s> [webpack.Progress] 92% sealing asset processing SourceMapDevToolPlugin 147.css attach SourceMap
@ohif/app: <s> [webpack.Progress] 92% sealing asset processing SourceMapDevToolPlugin 147.css attached SourceMap
@ohif/app: <s> [webpack.Progress] 92% sealing asset processing SourceMapDevToolPlugin 147.bundle.96728e3e774f03118c29.js attach SourceMap
@ohif/app: <s> [webpack.Progress] 92% sealing asset processing SourceMapDevToolPlugin 147.bundle.96728e3e774f03118c29.js attached SourceMap
@ohif/app: <s> [webpack.Progress] 92% sealing asset processing SourceMapDevToolPlugin polySeg.bundle.20284350eef20707dccc.js attach SourceMap
@ohif/app: <s> [webpack.Progress] 92% sealing asset processing SourceMapDevToolPlugin polySeg.bundle.20284350eef20707dccc.js attached SourceMap
@ohif/app: <s> [webpack.Progress] 92% sealing asset processing SourceMapDevToolPlugin interpolation.bundle.00ed5a3f618ef0460970.js attach SourceMap
@ohif/app: <s> [webpack.Progress] 92% sealing asset processing SourceMapDevToolPlugin interpolation.bundle.00ed5a3f618ef0460970.js attached SourceMap
@ohif/app: <s> [webpack.Progress] 92% sealing asset processing SourceMapDevToolPlugin histogram-worker.bundle.411745805d3eebbcb719.js attach SourceMap
@ohif/app: <s> [webpack.Progress] 92% sealing asset processing SourceMapDevToolPlugin histogram-worker.bundle.411745805d3eebbcb719.js attached SourceMap
@ohif/app: <s> [webpack.Progress] 92% sealing asset processing SourceMapDevToolPlugin 2701.bundle.0cb35a68869f77f2e34a.js attach SourceMap
@ohif/app: <s> [webpack.Progress] 92% sealing asset processing SourceMapDevToolPlugin 2701.bundle.0cb35a68869f77f2e34a.js attached SourceMap
@ohif/app: <s> [webpack.Progress] 92% sealing asset processing SourceMapDevToolPlugin 9862.bundle.1b4d1e9b189fc68c324a.js attach SourceMap
@ohif/app: <s> [webpack.Progress] 92% sealing asset processing SourceMapDevToolPlugin 9862.bundle.1b4d1e9b189fc68c324a.js attached SourceMap
@ohif/app: <s> [webpack.Progress] 92% sealing asset processing SourceMapDevToolPlugin 9845.bundle.08e72c3aa48e586c2f10.js attach SourceMap
@ohif/app: <s> [webpack.Progress] 92% sealing asset processing SourceMapDevToolPlugin 9845.bundle.08e72c3aa48e586c2f10.js attached SourceMap
@ohif/app: <s> [webpack.Progress] 92% sealing asset processing SourceMapDevToolPlugin 4202.bundle.8f70a4bdd35ce105a46a.js attach SourceMap
@ohif/app: <s> [webpack.Progress] 92% sealing asset processing SourceMapDevToolPlugin 4202.bundle.8f70a4bdd35ce105a46a.js attached SourceMap
@ohif/app: <s> [webpack.Progress] 92% sealing asset processing SourceMapDevToolPlugin 5802.css attach SourceMap
@ohif/app: <s> [webpack.Progress] 92% sealing asset processing SourceMapDevToolPlugin 5802.css attached SourceMap
@ohif/app: <s> [webpack.Progress] 92% sealing asset processing SourceMapDevToolPlugin 5802.bundle.70dc624fd68916031811.js attach SourceMap
@ohif/app: <s> [webpack.Progress] 92% sealing asset processing SourceMapDevToolPlugin 5802.bundle.70dc624fd68916031811.js attached SourceMap
@ohif/app: <s> [webpack.Progress] 92% sealing asset processing SourceMapDevToolPlugin 7159.css attach SourceMap
@ohif/app: <s> [webpack.Progress] 92% sealing asset processing SourceMapDevToolPlugin 7159.css attached SourceMap
@ohif/app: <s> [webpack.Progress] 92% sealing asset processing SourceMapDevToolPlugin 7159.bundle.57fd42252d370a23aec9.js attach SourceMap
@ohif/app: <s> [webpack.Progress] 92% sealing asset processing SourceMapDevToolPlugin 7159.bundle.57fd42252d370a23aec9.js attached SourceMap
@ohif/app: <s> [webpack.Progress] 92% sealing asset processing SourceMapDevToolPlugin 6939.bundle.26a4578e71b75dfab54e.js attach SourceMap
@ohif/app: <s> [webpack.Progress] 92% sealing asset processing SourceMapDevToolPlugin 6939.bundle.26a4578e71b75dfab54e.js attached SourceMap
@ohif/app: <s> [webpack.Progress] 92% sealing asset processing SourceMapDevToolPlugin 1608.css attach SourceMap
@ohif/app: <s> [webpack.Progress] 92% sealing asset processing SourceMapDevToolPlugin 1608.css attached SourceMap
@ohif/app: <s> [webpack.Progress] 92% sealing asset processing SourceMapDevToolPlugin 1608.bundle.7ce907bfb5542cb534fd.js attach SourceMap
@ohif/app: <s> [webpack.Progress] 92% sealing asset processing SourceMapDevToolPlugin 1608.bundle.7ce907bfb5542cb534fd.js attached SourceMap
@ohif/app: <s> [webpack.Progress] 92% sealing asset processing SourceMapDevToolPlugin 7758.bundle.d0aca816784601c3c3c8.js attach SourceMap
@ohif/app: <s> [webpack.Progress] 92% sealing asset processing SourceMapDevToolPlugin 7758.bundle.d0aca816784601c3c3c8.js attached SourceMap
@ohif/app: <s> [webpack.Progress] 92% sealing asset processing SourceMapDevToolPlugin 5830.bundle.eff0c0f3b9158dca657e.js attach SourceMap
@ohif/app: <s> [webpack.Progress] 92% sealing asset processing SourceMapDevToolPlugin 5830.bundle.eff0c0f3b9158dca657e.js attached SourceMap
@ohif/app: <s> [webpack.Progress] 92% sealing asset processing SourceMapDevToolPlugin 2516.bundle.17712f2604f702c37211.js attach SourceMap
@ohif/app: <s> [webpack.Progress] 92% sealing asset processing SourceMapDevToolPlugin 2516.bundle.17712f2604f702c37211.js attached SourceMap
@ohif/app: <s> [webpack.Progress] 92% sealing asset processing SourceMapDevToolPlugin 6376.bundle.7d5fc0a0dbe52b43da41.js attach SourceMap
@ohif/app: <s> [webpack.Progress] 92% sealing asset processing SourceMapDevToolPlugin 6376.bundle.7d5fc0a0dbe52b43da41.js attached SourceMap
@ohif/app: <s> [webpack.Progress] 92% sealing asset processing SourceMapDevToolPlugin 4019.bundle.0a026fdb6e196c626454.js attach SourceMap
@ohif/app: <s> [webpack.Progress] 92% sealing asset processing SourceMapDevToolPlugin 4019.bundle.0a026fdb6e196c626454.js attached SourceMap
@ohif/app: <s> [webpack.Progress] 92% sealing asset processing SourceMapDevToolPlugin 3584.bundle.2dfc1c3f831095eaa79a.js attach SourceMap
@ohif/app: <s> [webpack.Progress] 92% sealing asset processing SourceMapDevToolPlugin 3584.bundle.2dfc1c3f831095eaa79a.js attached SourceMap
@ohif/app: <s> [webpack.Progress] 92% sealing asset processing SourceMapDevToolPlugin 5400.bundle.5a07ce92ee04c066edbd.js attach SourceMap
@ohif/app: <s> [webpack.Progress] 92% sealing asset processing SourceMapDevToolPlugin 5400.bundle.5a07ce92ee04c066edbd.js attached SourceMap
@ohif/app: <s> [webpack.Progress] 92% sealing asset processing SourceMapDevToolPlugin 7412.bundle.bc4969ec0985f46d5e29.js attach SourceMap
@ohif/app: <s> [webpack.Progress] 92% sealing asset processing SourceMapDevToolPlugin 7412.bundle.bc4969ec0985f46d5e29.js attached SourceMap
@ohif/app: <s> [webpack.Progress] 92% sealing asset processing SourceMapDevToolPlugin 2108.bundle.e57164d1c50fe42123a6.js attach SourceMap
@ohif/app: <s> [webpack.Progress] 92% sealing asset processing SourceMapDevToolPlugin 2108.bundle.e57164d1c50fe42123a6.js attached SourceMap
@ohif/app: <s> [webpack.Progress] 92% sealing asset processing SourceMapDevToolPlugin 7431.bundle.4713909b8c30f5f97d1f.js attach SourceMap
@ohif/app: <s> [webpack.Progress] 92% sealing asset processing SourceMapDevToolPlugin 7431.bundle.4713909b8c30f5f97d1f.js attached SourceMap
@ohif/app: <s> [webpack.Progress] 92% sealing asset processing SourceMapDevToolPlugin 3353.bundle.50e7e9c6932294f4ed6c.js attach SourceMap
@ohif/app: <s> [webpack.Progress] 92% sealing asset processing SourceMapDevToolPlugin 3353.bundle.50e7e9c6932294f4ed6c.js attached SourceMap
@ohif/app: <s> [webpack.Progress] 92% sealing asset processing SourceMapDevToolPlugin 6354.bundle.2a8ca9aa4116e6c6cc06.js attach SourceMap
@ohif/app: <s> [webpack.Progress] 92% sealing asset processing SourceMapDevToolPlugin 6354.bundle.2a8ca9aa4116e6c6cc06.js attached SourceMap
@ohif/app: <s> [webpack.Progress] 92% sealing asset processing SourceMapDevToolPlugin 7190.bundle.cc1b097f3a5fa9e8ef73.js attach SourceMap
@ohif/app: <s> [webpack.Progress] 92% sealing asset processing SourceMapDevToolPlugin 7190.bundle.cc1b097f3a5fa9e8ef73.js attached SourceMap
@ohif/app: <s> [webpack.Progress] 92% sealing asset processing SourceMapDevToolPlugin 5448.bundle.cff3be132c63ec5fe40c.js attach SourceMap
@ohif/app: <s> [webpack.Progress] 92% sealing asset processing SourceMapDevToolPlugin 5448.bundle.cff3be132c63ec5fe40c.js attached SourceMap
@ohif/app: <s> [webpack.Progress] 92% sealing asset processing SourceMapDevToolPlugin 5491.bundle.df47756ad00ef6e738c3.js attach SourceMap
@ohif/app: <s> [webpack.Progress] 92% sealing asset processing SourceMapDevToolPlugin 5491.bundle.df47756ad00ef6e738c3.js attached SourceMap
@ohif/app: <s> [webpack.Progress] 92% sealing asset processing SourceMapDevToolPlugin 2838.bundle.abf8b12af25492429ba6.js attach SourceMap
@ohif/app: <s> [webpack.Progress] 92% sealing asset processing SourceMapDevToolPlugin 2838.bundle.abf8b12af25492429ba6.js attached SourceMap
@ohif/app: <s> [webpack.Progress] 92% sealing asset processing SourceMapDevToolPlugin 5549.bundle.d7e22e14d099cd8ee979.js attach SourceMap
@ohif/app: <s> [webpack.Progress] 92% sealing asset processing SourceMapDevToolPlugin 5549.bundle.d7e22e14d099cd8ee979.js attached SourceMap
@ohif/app: <s> [webpack.Progress] 92% sealing asset processing SourceMapDevToolPlugin 2842.bundle.e238dfe2d6c09979a310.js attach SourceMap
@ohif/app: <s> [webpack.Progress] 92% sealing asset processing SourceMapDevToolPlugin 2842.bundle.e238dfe2d6c09979a310.js attached SourceMap
@ohif/app: <s> [webpack.Progress] 92% sealing asset processing SourceMapDevToolPlugin 5261.bundle.b019246de6e7bde69ab4.js attach SourceMap
@ohif/app: <s> [webpack.Progress] 92% sealing asset processing SourceMapDevToolPlugin 5261.bundle.b019246de6e7bde69ab4.js attached SourceMap
@ohif/app: <s> [webpack.Progress] 92% sealing asset processing SourceMapDevToolPlugin 5858.bundle.3f699b6b0ff9e347bf14.js attach SourceMap
@ohif/app: <s> [webpack.Progress] 92% sealing asset processing SourceMapDevToolPlugin 5858.bundle.3f699b6b0ff9e347bf14.js attached SourceMap
@ohif/app: <s> [webpack.Progress] 92% sealing asset processing SourceMapDevToolPlugin 7861.bundle.640062b3c5b0844a1e8b.js attach SourceMap
@ohif/app: <s> [webpack.Progress] 92% sealing asset processing SourceMapDevToolPlugin 7861.bundle.640062b3c5b0844a1e8b.js attached SourceMap
@ohif/app: <s> [webpack.Progress] 92% sealing asset processing SourceMapDevToolPlugin 3081.bundle.5d2ef745e2f4ceaf1c0f.js attach SourceMap
@ohif/app: <s> [webpack.Progress] 92% sealing asset processing SourceMapDevToolPlugin 3081.bundle.5d2ef745e2f4ceaf1c0f.js attached SourceMap
@ohif/app: <s> [webpack.Progress] 92% sealing asset processing SourceMapDevToolPlugin 3461.bundle.5afd78a4e0165d1fa190.js attach SourceMap
@ohif/app: <s> [webpack.Progress] 92% sealing asset processing SourceMapDevToolPlugin 3461.bundle.5afd78a4e0165d1fa190.js attached SourceMap
@ohif/app: <s> [webpack.Progress] 92% sealing asset processing SourceMapDevToolPlugin
@ohif/app: <s> [webpack.Progress] 92% sealing asset processing SourceMapDevToolPlugin
@ohif/app: <s> [webpack.Progress] 92% sealing asset processing SourceMapDevToolPlugin resolve sources
@ohif/app: <s> [webpack.Progress] 92% sealing asset processing SourceMapDevToolPlugin
@ohif/app: <s> [webpack.Progress] 92% sealing asset processing HtmlWebpackPlugin
@ohif/app: <s> [webpack.Progress] 92% sealing asset processing HtmlWebpackPlugin
@ohif/app: <s> [webpack.Progress] 92% sealing asset processing HtmlWebpackPlugin resolve sources
@ohif/app: <s> [webpack.Progress] 92% sealing asset processing HtmlWebpackPlugin
@ohif/app: <s> [webpack.Progress] 92% sealing asset processing RealContentHashPlugin
@ohif/app: <s> [webpack.Progress] 92% sealing asset processing InjectManifest
@ohif/app: <s> [webpack.Progress] 92% sealing asset processing
@ohif/app: <s> [webpack.Progress] 93% sealing after asset optimization
@ohif/app: <s> [webpack.Progress] 93% sealing after asset optimization
@ohif/app: <s> [webpack.Progress] 94% sealing after seal
@ohif/app: <s> [webpack.Progress] 94% sealing after seal
@ohif/app: <s> [webpack.Progress] 99% done plugins
@ohif/app: <s> [webpack.Progress] 99% done plugins clean-webpack-plugin
@ohif/app: <s> [webpack.Progress] 99% done plugins IdleFileCachePlugin
@ohif/app: <s> [webpack.Progress] 99% done plugins
@ohif/app: <s> [webpack.Progress] 99% 
@ohif/app: <s> [webpack.Progress] 99% cache begin idle
@ohif/app: <s> [webpack.Progress] 99% cache begin idle IdleFileCachePlugin
@ohif/app: <s> [webpack.Progress] 99% cache begin idle
@ohif/app: <s> [webpack.Progress] 100% 
@ohif/app: <s> [webpack.Progress] 99% cache shutdown
@ohif/app: <s> [webpack.Progress] 99% cache shutdown MemoryCachePlugin
@ohif/app: <s> [webpack.Progress] 99% cache shutdown IdleFileCachePlugin
@ohif/app: <s> [webpack.Progress] 99% cache shutdown IdleFileCachePlugin process pending cache items
@ohif/app: <s> [webpack.Progress] 99% cache shutdown IdleFileCachePlugin resolve build dependencies
@ohif/app: <s> [webpack.Progress] 99% cache shutdown IdleFileCachePlugin snapshot build dependencies resolving
@ohif/app: <s> [webpack.Progress] 99% cache shutdown IdleFileCachePlugin snapshot build dependencies modules
@ohif/app: <s> [webpack.Progress] 99% cache shutdown IdleFileCachePlugin serialize pack
@ohif/app: <w> [webpack.cache.PackFileCacheStrategy] Serializing big strings (126kiB) impacts deserialization performance (consider using Buffer instead and decode when needed)
@ohif/app: <w> [webpack.cache.PackFileCacheStrategy] Serializing big strings (126kiB) impacts deserialization performance (consider using Buffer instead and decode when needed)
@ohif/app: <w> [webpack.cache.PackFileCacheStrategy] Serializing big strings (130kiB) impacts deserialization performance (consider using Buffer instead and decode when needed)
@ohif/app: <s> [webpack.Progress] 99% cache shutdown IdleFileCachePlugin stored
@ohif/app: <s> [webpack.Progress] 99% cache shutdown
@ohif/app: <s> [webpack.Progress] 100% 
@ohif/app: assets by status 162 MiB [1m[32m[cached][39m[22m 237 assets
@ohif/app: Entrypoint [1mapp[39m[22m = [1m[32mapp.bundle.css[39m[22m [1m[32mapp.bundle.64377014108ba91122e9.js[39m[22m 33 auxiliary assets
@ohif/app: [1mLOG from InjectManifest[39m[22m
@ohif/app: <i> [1m[32mThe service worker at sw.js will precache[39m[22m
@ohif/app: <i> [1m[32m        352 URLs, totaling 218 MB.[39m[22m
@ohif/app: [1m[33mWARNING[39m[22m in [entry]
@ohif/app: [1mCircular dependency between chunks with runtime (polySeg, app, compute)
@ohif/app: This prevents using hashes of each other and should be avoided.[39m[22m
@ohif/app: [1m[31mERROR[39m[22m in [1m../../ui-next/src/tailwind.css[39m[22m (../../ui-next/src/tailwind.css.webpack[javascript/auto]!=!../../../node_modules/css-loader/dist/cjs.js??ruleSet[1].rules[4].use[1]!../../../node_modules/postcss-loader/dist/cjs.js??ruleSet[1].rules[4].use[2]!../../ui-next/src/tailwind.css) [1m[32m5:36-81[39m[22m
@ohif/app: [1mModule [1m[31mnot found[39m[22m[1m: [1m[31mError[39m[22m[1m: Can't resolve 'woff2/latin.woff2' in '/home/cneapacs/frontend/ohif-viewer/platform/ui-next/src'
@ohif/app: Did you miss the leading dot in 'resolve.extensions'? [1m[32mDid you mean '[".js",".jsx",".json",".ts",".tsx",".*"]' instead of '[".js",".jsx",".json",".ts",".tsx","*"]'?[39m[22m[1m[39m[22m
@ohif/app: resolve 'woff2/latin.woff2' in '/home/cneapacs/frontend/ohif-viewer/platform/ui-next/src'
@ohif/app:   Parsed request is a module
@ohif/app:   using description file: /home/cneapacs/frontend/ohif-viewer/platform/ui-next/package.json (relative path: ./src)
@ohif/app:     using description file: /home/cneapacs/frontend/ohif-viewer/platform/ui-next/package.json (relative path: ./src/woff2/latin.woff2)
@ohif/app:       no extension
@ohif/app: [1m[31m        /home/cneapacs/frontend/ohif-viewer/platform/ui-next/src/woff2/latin.woff2 doesn't exist[39m[22m
@ohif/app:       .js
@ohif/app: [1m[31m        /home/cneapacs/frontend/ohif-viewer/platform/ui-next/src/woff2/latin.woff2.js doesn't exist[39m[22m
@ohif/app:       .jsx
@ohif/app: [1m[31m        /home/cneapacs/frontend/ohif-viewer/platform/ui-next/src/woff2/latin.woff2.jsx doesn't exist[39m[22m
@ohif/app:       .json
@ohif/app: [1m[31m        /home/cneapacs/frontend/ohif-viewer/platform/ui-next/src/woff2/latin.woff2.json doesn't exist[39m[22m
@ohif/app:       .ts
@ohif/app: [1m[31m        /home/cneapacs/frontend/ohif-viewer/platform/ui-next/src/woff2/latin.woff2.ts doesn't exist[39m[22m
@ohif/app:       .tsx
@ohif/app: [1m[31m        /home/cneapacs/frontend/ohif-viewer/platform/ui-next/src/woff2/latin.woff2.tsx doesn't exist[39m[22m
@ohif/app:       *
@ohif/app: [1m[31m        /home/cneapacs/frontend/ohif-viewer/platform/ui-next/src/woff2/latin.woff2* doesn't exist[39m[22m
@ohif/app:       as directory
@ohif/app: [1m[31m        /home/cneapacs/frontend/ohif-viewer/platform/ui-next/src/woff2/latin.woff2 doesn't exist[39m[22m
@ohif/app:     resolve as module
@ohif/app:       looking for modules in /home/cneapacs/frontend/ohif-viewer/node_modules
@ohif/app: [1m[31m        /home/cneapacs/frontend/ohif-viewer/node_modules/woff2 doesn't exist[39m[22m
@ohif/app:       looking for modules in /home/cneapacs/node_modules
@ohif/app: [1m[31m        /home/cneapacs/node_modules/woff2 doesn't exist[39m[22m
@ohif/app:       looking for modules in /home/cneapacs/frontend/ohif-viewer/platform/app/node_modules
@ohif/app: [1m[31m        /home/cneapacs/frontend/ohif-viewer/platform/app/node_modules/woff2 doesn't exist[39m[22m
@ohif/app:       looking for modules in /home/cneapacs/frontend/ohif-viewer/platform/ui/node_modules
@ohif/app: [1m[31m        /home/cneapacs/frontend/ohif-viewer/platform/ui/node_modules/woff2 doesn't exist[39m[22m
@ohif/app:       looking for modules in /home/cneapacs/frontend/ohif-viewer/platform/app/src
@ohif/app: [1m[31m        /home/cneapacs/frontend/ohif-viewer/platform/app/src/woff2 doesn't exist[39m[22m
@ohif/app:  @ ../../ui-next/src/tailwind.css
@ohif/app:  @ ../../ui-next/src/components/ThemeWrapper/ThemeWrapper.tsx 2:0-28
@ohif/app:  @ ../../ui-next/src/components/ThemeWrapper/index.ts 1:0-46 1:0-46
@ohif/app:  @ ../../ui-next/src/components/index.ts 2:0-46 73:0-2107
@ohif/app:  @ ../../ui-next/src/index.ts 3:0-29 3:0-29
@ohif/app:  @ ./App.tsx
@ohif/app:  @ ./index.js 6:0-24 39:47-50
@ohif/app: [1m[31mERROR[39m[22m in [1m../../ui-next/src/tailwind.css[39m[22m
@ohif/app: [1mModule build [1m[31mfailed[39m[22m[1m (from ../../../node_modules/mini-css-extract-plugin/dist/loader.js):
@ohif/app: HookWebpackError: Cannot find module 'woff2/latin.woff2'
@ohif/app:     at tryRunOrWebpackError (/home/cneapacs/frontend/ohif-viewer/node_modules/webpack/lib/HookWebpackError.js:86:9)
@ohif/app:     at __webpack_require_module__ (/home/cneapacs/frontend/ohif-viewer/node_modules/webpack/lib/Compilation.js:5276:12)
@ohif/app:     at __webpack_require__ (/home/cneapacs/frontend/ohif-viewer/node_modules/webpack/lib/Compilation.js:5233:18)
@ohif/app:     at /home/cneapacs/frontend/ohif-viewer/node_modules/webpack/lib/Compilation.js:5305:20
@ohif/app:     at symbolIterator (/home/cneapacs/frontend/ohif-viewer/node_modules/neo-async/async.js:3485:9)
@ohif/app:     at done (/home/cneapacs/frontend/ohif-viewer/node_modules/neo-async/async.js:3527:9)
@ohif/app:     at Hook.eval [as callAsync] (eval at create (/home/cneapacs/frontend/ohif-viewer/node_modules/tapable/lib/HookCodeFactory.js:33:10), <anonymous>:15:1)
@ohif/app:     at /home/cneapacs/frontend/ohif-viewer/node_modules/webpack/lib/Compilation.js:5211:43
@ohif/app:     at symbolIterator (/home/cneapacs/frontend/ohif-viewer/node_modules/neo-async/async.js:3482:9)
@ohif/app:     at timesSync (/home/cneapacs/frontend/ohif-viewer/node_modules/neo-async/async.js:2297:7)
@ohif/app:     at Object.eachLimit (/home/cneapacs/frontend/ohif-viewer/node_modules/neo-async/async.js:3463:5)
@ohif/app:     at /home/cneapacs/frontend/ohif-viewer/node_modules/webpack/lib/Compilation.js:5173:16
@ohif/app:     at symbolIterator (/home/cneapacs/frontend/ohif-viewer/node_modules/neo-async/async.js:3485:9)
@ohif/app:     at done (/home/cneapacs/frontend/ohif-viewer/node_modules/neo-async/async.js:3527:9)
@ohif/app:     at /home/cneapacs/frontend/ohif-viewer/node_modules/webpack/lib/Compilation.js:5087:8
@ohif/app:     at /home/cneapacs/frontend/ohif-viewer/node_modules/webpack/lib/Compilation.js:3518:6
@ohif/app:     at /home/cneapacs/frontend/ohif-viewer/node_modules/webpack/lib/HookWebpackError.js:67:2
@ohif/app:     at _done (eval at create (/home/cneapacs/frontend/ohif-viewer/node_modules/tapable/lib/HookCodeFactory.js:33:10), <anonymous>:9:1)
@ohif/app:     at Hook.eval [as callAsync] (eval at create (/home/cneapacs/frontend/ohif-viewer/node_modules/tapable/lib/HookCodeFactory.js:33:10), <anonymous>:39:22)
@ohif/app:     at Cache.store (/home/cneapacs/frontend/ohif-viewer/node_modules/webpack/lib/Cache.js:111:20)
@ohif/app:     at ItemCacheFacade.store (/home/cneapacs/frontend/ohif-viewer/node_modules/webpack/lib/CacheFacade.js:141:15)
@ohif/app:     at /home/cneapacs/frontend/ohif-viewer/node_modules/webpack/lib/Compilation.js:3517:11
@ohif/app:     at /home/cneapacs/frontend/ohif-viewer/node_modules/webpack/lib/Cache.js:89:6
@ohif/app:     at /home/cneapacs/frontend/ohif-viewer/node_modules/webpack/lib/Cache.js:43:10
@ohif/app:     at /home/cneapacs/frontend/ohif-viewer/node_modules/webpack/lib/cache/IdleFileCachePlugin.js:78:9
@ohif/app:     at /home/cneapacs/frontend/ohif-viewer/node_modules/webpack/lib/Cache.js:92:6
@ohif/app:     at eval (eval at create (/home/cneapacs/frontend/ohif-viewer/node_modules/tapable/lib/HookCodeFactory.js:33:10), <anonymous>:30:1)
@ohif/app:     at process.processTicksAndRejections (node:internal/process/task_queues:105:5)
@ohif/app: -- inner [1m[31merror[39m[22m[1m --
@ohif/app: [1m[31mError[39m[22m[1m: Cannot find module 'woff2/latin.woff2'
@ohif/app:     at webpackMissingModule (/home/cneapacs/frontend/ohif-viewer/node_modules/css-loader/dist/cjs.js??ruleSet[1].rules[4].use[1]!/home/cneapacs/frontend/ohif-viewer/node_modules/postcss-loader/dist/cjs.js??ruleSet[1].rules[4].use[2]!/home/cneapacs/frontend/ohif-viewer/platform/ui-next/src/tailwind.css:15:113)
@ohif/app:     at Module.<anonymous> (/home/cneapacs/frontend/ohif-viewer/node_modules/css-loader/dist/cjs.js??ruleSet[1].rules[4].use[1]!/home/cneapacs/frontend/ohif-viewer/node_modules/postcss-loader/dist/cjs.js??ruleSet[1].rules[4].use[2]!/home/cneapacs/frontend/ohif-viewer/platform/ui-next/src/tailwind.css:15:205)
@ohif/app:     at /home/cneapacs/frontend/ohif-viewer/node_modules/webpack/lib/javascript/JavascriptModulesPlugin.js:453:10
@ohif/app:     at Hook.eval [as call] (eval at create (/home/cneapacs/frontend/ohif-viewer/node_modules/tapable/lib/HookCodeFactory.js:19:10), <anonymous>:7:1)
@ohif/app:     at /home/cneapacs/frontend/ohif-viewer/node_modules/webpack/lib/Compilation.js:5278:39
@ohif/app:     at tryRunOrWebpackError (/home/cneapacs/frontend/ohif-viewer/node_modules/webpack/lib/HookWebpackError.js:81:7)
@ohif/app:     at __webpack_require_module__ (/home/cneapacs/frontend/ohif-viewer/node_modules/webpack/lib/Compilation.js:5276:12)
@ohif/app:     at __webpack_require__ (/home/cneapacs/frontend/ohif-viewer/node_modules/webpack/lib/Compilation.js:5233:18)
@ohif/app:     at /home/cneapacs/frontend/ohif-viewer/node_modules/webpack/lib/Compilation.js:5305:20
@ohif/app:     at symbolIterator (/home/cneapacs/frontend/ohif-viewer/node_modules/neo-async/async.js:3485:9)
@ohif/app:     at done (/home/cneapacs/frontend/ohif-viewer/node_modules/neo-async/async.js:3527:9)
@ohif/app:     at Hook.eval [as callAsync] (eval at create (/home/cneapacs/frontend/ohif-viewer/node_modules/tapable/lib/HookCodeFactory.js:33:10), <anonymous>:15:1)
@ohif/app:     at /home/cneapacs/frontend/ohif-viewer/node_modules/webpack/lib/Compilation.js:5211:43
@ohif/app:     at symbolIterator (/home/cneapacs/frontend/ohif-viewer/node_modules/neo-async/async.js:3482:9)
@ohif/app:     at timesSync (/home/cneapacs/frontend/ohif-viewer/node_modules/neo-async/async.js:2297:7)
@ohif/app:     at Object.eachLimit (/home/cneapacs/frontend/ohif-viewer/node_modules/neo-async/async.js:3463:5)
@ohif/app:     at /home/cneapacs/frontend/ohif-viewer/node_modules/webpack/lib/Compilation.js:5173:16
@ohif/app:     at symbolIterator (/home/cneapacs/frontend/ohif-viewer/node_modules/neo-async/async.js:3485:9)
@ohif/app:     at done (/home/cneapacs/frontend/ohif-viewer/node_modules/neo-async/async.js:3527:9)
@ohif/app:     at /home/cneapacs/frontend/ohif-viewer/node_modules/webpack/lib/Compilation.js:5087:8
@ohif/app:     at /home/cneapacs/frontend/ohif-viewer/node_modules/webpack/lib/Compilation.js:3518:6
@ohif/app:     at /home/cneapacs/frontend/ohif-viewer/node_modules/webpack/lib/HookWebpackError.js:67:2
@ohif/app:     at _done (eval at create (/home/cneapacs/frontend/ohif-viewer/node_modules/tapable/lib/HookCodeFactory.js:33:10), <anonymous>:9:1)
@ohif/app:     at Hook.eval [as callAsync] (eval at create (/home/cneapacs/frontend/ohif-viewer/node_modules/tapable/lib/HookCodeFactory.js:33:10), <anonymous>:39:22)
@ohif/app:     at Cache.store (/home/cneapacs/frontend/ohif-viewer/node_modules/webpack/lib/Cache.js:111:20)
@ohif/app:     at ItemCacheFacade.store (/home/cneapacs/frontend/ohif-viewer/node_modules/webpack/lib/CacheFacade.js:141:15)
@ohif/app:     at /home/cneapacs/frontend/ohif-viewer/node_modules/webpack/lib/Compilation.js:3517:11
@ohif/app:     at /home/cneapacs/frontend/ohif-viewer/node_modules/webpack/lib/Cache.js:89:6
@ohif/app:     at /home/cneapacs/frontend/ohif-viewer/node_modules/webpack/lib/Cache.js:43:10
@ohif/app:     at /home/cneapacs/frontend/ohif-viewer/node_modules/webpack/lib/cache/IdleFileCachePlugin.js:78:9
@ohif/app:     at /home/cneapacs/frontend/ohif-viewer/node_modules/webpack/lib/Cache.js:92:6
@ohif/app:     at eval (eval at create (/home/cneapacs/frontend/ohif-viewer/node_modules/tapable/lib/HookCodeFactory.js:33:10), <anonymous>:30:1)
@ohif/app:     at process.processTicksAndRejections (node:internal/process/task_queues:105:5)
@ohif/app: Generated code for /home/cneapacs/frontend/ohif-viewer/node_modules/css-loader/dist/cjs.js??ruleSet[1].rules[4].use[1]!/home/cneapacs/frontend/ohif-viewer/node_modules/postcss-loader/dist/cjs.js??ruleSet[1].rules[4].use[2]!/home/cneapacs/frontend/ohif-viewer/platform/ui-next/src/tailwind.css
@ohif/app:  1 | __webpack_require__.r(__webpack_exports__);
@ohif/app:  2 | /* harmony export */ __webpack_require__.d(__webpack_exports__, {
@ohif/app:  3 | /* harmony export */   "default": () => (__WEBPACK_DEFAULT_EXPORT__)
@ohif/app:  4 | /* harmony export */ });
@ohif/app:  5 | /* harmony import */ var _node_modules_css_loader_dist_runtime_sourceMaps_js__WEBPACK_IMPORTED_MODULE_0__ = __webpack_require__("/home/cneapacs/frontend/ohif-viewer/node_modules/css-loader/dist/runtime/sourceMaps.js");
@ohif/app:  6 | /* harmony import */ var _node_modules_css_loader_dist_runtime_sourceMaps_js__WEBPACK_IMPORTED_MODULE_0___default = /*#__PURE__*/__webpack_require__.n(_node_modules_css_loader_dist_runtime_sourceMaps_js__WEBPACK_IMPORTED_MODULE_0__);
@ohif/app:  7 | /* harmony import */ var _node_modules_css_loader_dist_runtime_api_js__WEBPACK_IMPORTED_MODULE_1__ = __webpack_require__("/home/cneapacs/frontend/ohif-viewer/node_modules/css-loader/dist/runtime/api.js");
@ohif/app:  8 | /* harmony import */ var _node_modules_css_loader_dist_runtime_api_js__WEBPACK_IMPORTED_MODULE_1___default = /*#__PURE__*/__webpack_require__.n(_node_modules_css_loader_dist_runtime_api_js__WEBPACK_IMPORTED_MODULE_1__);
@ohif/app:  9 | /* harmony import */ var _node_modules_css_loader_dist_runtime_getUrl_js__WEBPACK_IMPORTED_MODULE_2__ = __webpack_require__("/home/cneapacs/frontend/ohif-viewer/node_modules/css-loader/dist/runtime/getUrl.js");
@ohif/app: 10 | /* harmony import */ var _node_modules_css_loader_dist_runtime_getUrl_js__WEBPACK_IMPORTED_MODULE_2___default = /*#__PURE__*/__webpack_require__.n(_node_modules_css_loader_dist_runtime_getUrl_js__WEBPACK_IMPORTED_MODULE_2__);
@ohif/app: 11 | // Imports
@ohif/app: 12 | 
@ohif/app: 13 | 
@ohif/app: 14 | 
@ohif/app: 15 | var ___CSS_LOADER_URL_IMPORT_0___ = new URL(/* asset import */ Object(function webpackMissingModule() { var e = new [1m[31mError[39m[22m[1m("Cannot find module 'woff2/latin.woff2'"); e.code = 'MODULE_NOT_FOUND'; throw e; }()), __webpack_require__.b);
@ohif/app: 16 | var ___CSS_LOADER_EXPORT___ = _node_modules_css_loader_dist_runtime_api_js__WEBPACK_IMPORTED_MODULE_1___default()((_node_modules_css_loader_dist_runtime_sourceMaps_js__WEBPACK_IMPORTED_MODULE_0___default()));
@ohif/app: 17 | var ___CSS_LOADER_URL_REPLACEMENT_0___ = _node_modules_css_loader_dist_runtime_getUrl_js__WEBPACK_IMPORTED_MODULE_2___default()(___CSS_LOADER_URL_IMPORT_0___);
@ohif/app: 18 | // Module
@ohif/app: 19 | ___CSS_LOADER_EXPORT___.push([module.id, `@font-face{font-display:swap;font-family:Inter;font-style:normal;font-weight:100;src:url(${___CSS_LOADER_URL_REPLACEMENT_0___}) format("woff2");unicode-range:u+00??,u+0131,u+0152-0153,u+02bb-02bc,u+02c6,u+02da,u+02dc,u+0304,u+0308,u+0329,u+2000-206f,u+20ac,u+2122,u+2191,u+2193,u+2212,u+2215,u+feff,u+fffd}@font-face{font-display:swap;font-family:Inter;font-style:normal;font-weight:300;src:url(${___CSS_LOADER_URL_REPLACEMENT_0___}) format("woff2");unicode-range:u+00??,u+0131,u+0152-0153,u+02bb-02bc,u+02c6,u+02da,u+02dc,u+0304,u+0308,u+0329,u+2000-206f,u+20ac,u+2122,u+2191,u+2193,u+2212,u+2215,u+feff,u+fffd}@font-face{font-display:swap;font-family:Inter;font-style:normal;font-weight:400;src:url(${___CSS_LOADER_URL_REPLACEMENT_0___}) format("woff2");unicode-range:u+00??,u+0131,u+0152-0153,u+02bb-02bc,u+02c6,u+02da,u+02dc,u+0304,u+0308,u+0329,u+2000-206f,u+20ac,u+2122,u+2191,u+2193,u+2212,u+2215,u+feff,u+fffd}@font-face{font-display:swap;font-family:Inter;font-style:normal;font-weight:500;src:url(${___CSS_LOADER_URL_REPLACEMENT_0___}) format("woff2");unicode-range:u+00??,u+0131,u+0152-0153,u+02bb-02bc,u+02c6,u+02da,u+02dc,u+0304,u+0308,u+0329,u+2000-206f,u+20ac,u+2122,u+2191,u+2193,u+2212,u+2215,u+feff,u+fffd}@font-face{font-display:swap;font-family:Inter;font-style:normal;font-weight:700;src:url(${___CSS_LOADER_URL_REPLACEMENT_0___}) format("woff2");unicode-range:u+00??,u+0131,u+0152-0153,u+02bb-02bc,u+02c6,u+02da,u+02dc,u+0304,u+0308,u+0329,u+2000-206f,u+20ac,u+2122,u+2191,u+2193,u+2212,u+2215,u+feff,u+fffd}
@ohif/app: 20 | /*! tailwindcss v3.2.4 | MIT License | https://tailwindcss.com*/*,:after,:before{border:0 solid #e2e8f0;-webkit-box-sizing:border-box;box-sizing:border-box}:after,:before{--tw-content:""}html{-webkit-text-size-adjust:100%;-webkit-font-feature-settings:normal;font-feature-settings:normal;font-family:Inter,system-ui,-apple-system,BlinkMacSystemFont,Segoe UI,Roboto,Helvetica Neue,Arial,Noto Sans,sans-serif,Apple Color Emoji,Segoe UI Emoji,Segoe UI Symbol,Noto Color Emoji;line-height:1.5;-moz-tab-size:4;-o-tab-size:4;tab-size:4}body{line-height:inherit;margin:0}hr{border-top-width:1px;color:inherit;height:0}abbr:where([title]){text-decoration:underline;-webkit-text-decoration:underline dotted currentColor;text-decoration:underline dotted currentColor}h1,h2,h3,h4,h5,h6{font-size:inherit;font-weight:inherit}a{color:inherit;text-decoration:inherit}b,strong{font-weight:bolder}code,kbd,pre,samp{font-family:Menlo,Monaco,Consolas,Liberation Mono,Courier New,monospace;font-size:1em}small{font-size:80%}sub,sup{font-size:75%;line-height:0;position:relative;vertical-align:initial}sub{bottom:-.25em}sup{top:-.5em}table{border-collapse:collapse;border-color:inherit;text-indent:0}button,input,optgroup,select,textarea{color:inherit;font-family:inherit;font-size:100%;font-weight:inherit;line-height:inherit;margin:0;padding:0}button,select{text-transform:none}[type=button],[type=reset],[type=submit],button{-webkit-appearance:button;background-color:initial;background-image:none}:-moz-focusring{outline:auto}:-moz-ui-[1m[31minvalid[39m[22m[1m{box-shadow:none}progress{vertical-align:initial}::-webkit-inner-spin-button,::-webkit-outer-spin-button{height:auto}[type=search]{-webkit-appearance:textfield;outline-offset:-2px}::-webkit-search-decoration{-webkit-appearance:none}::-webkit-file-upload-button{-webkit-appearance:button;font:inherit}summary{display:list-item}blockquote,dd,dl,figure,h1,h2,h3,h4,h5,h6,hr,p,pre{margin:0}fieldset{margin:0}fieldset,legend{padding:0}menu,ol,ul{list-style:none;margin:0;padding:0}textarea{resize:vertical}input::-webkit-input-placeholder, textarea::-webkit-input-placeholder{color:#cbd5e0;opacity:1}input::-moz-placeholder, textarea::-moz-placeholder{color:#cbd5e0;opacity:1}input:-ms-input-placeholder, textarea:-ms-input-placeholder{color:#cbd5e0;opacity:1}input::-ms-input-placeholder, textarea::-ms-input-placeholder{color:#cbd5e0;opacity:1}input::placeholder,textarea::placeholder{color:#cbd5e0;opacity:1}[role=button],button{cursor:pointer}:disabled{cursor:default}audio,canvas,embed,iframe,img,object,svg,video{display:block;vertical-align:middle}img,video{height:auto;max-width:100%}[hidden]{display:none}:root{--highlight:140 60% 50%;--neutral:0 0% 48%;--neutral-light:0 0% 70%;--neutral-dark:0 0% 17%;--background:0 0% 4%;--foreground:0 0% 98%;--card:212 0% 7%;--card-foreground:0 0% 98%;--popover:0 0% 10%;--popover-foreground:0 0% 98%;--primary:240 81% 46%;--primary-foreground:0 0% 98%;--secondary:0 0% 12%;--secondary-foreground:0 0% 82%;--muted:0 0% 8%;--muted-foreground:0 0% 60%;--accent:0 0% 14%;--accent-foreground:0 0% 98%;--destructive:0 62.8% 30.6%;--destructive-foreground:0 0% 98%;--border:0 % 16%;--input:0 0% 12%;--ring:19 81% 46%;--chart-1:220 70% 50%;--chart-2:160 60% 45%;--chart-3:30 80% 55%;--chart-4:280 65% 60%;--chart-5:340 75% 55%;--radius:0.5rem;--success-bg:#eeedfd;--success-border:#d3fde5;--success-text:#008a2e;--info-bg:#f0f8ff;--info-border:#d3e0fd;--info-text:#0973dc;--warning-bg:#fffcf0;--warning-border:#fdf5d3;--warning-text:#dc7609;--[1m[31merror[39m[22m[1m-bg:#fff0f0;--[1m[31merror[39m[22m[1m-border:#ffe0e1;--[1m[31merror[39m[22m[1m-text:#e60000}.dark{--background:120 0% 4%;--foreground:0 0% 98%;--card:0 0% 7%;--card-foreground:0 0% 98%;--popover:0 0% 10%;--popover-foreground:0 0% 98%;--primary:19 81% 46%;--primary-foreground:0 0% 98%;--secondary:0 0% 12%;--secondary-foreground:0 0% 82%;--muted:0 0% 8%;--muted-foreground:0 0% 60%;--accent:0 0% 14%;--accent-foreground:0 0% 98%;--destructive:0 62.8% 30.6%;--destructive-foreground:0 0% 98%;--border:0 0% 16%;--input:0 0% 12%;--ring:19 81% 46%;--chart-1:220 70% 50%;--chart-2:160 60% 45%;--chart-3:30 80% 55%;--chart-4:280 65% 60%;--chart-5:340 75% 55%}html{font-family:Inter,sans-serif}body{--tw-bg-opacity:1!important;background-color:rgb(0 0 0/var(--tw-bg-opacity))!important}::-ms-backdrop{--tw-border-spacing-x:0;--tw-border-spacing-y:0;--tw-translate-x:0;--tw-translate-y:0;--tw-rotate:0;--tw-skew-x:0;--tw-skew-y:0;--tw-scale-x:1;--tw-scale-y:1;--tw-pan-x: ;--tw-pan-y: ;--tw-pinch-zoom: ;--tw-scroll-snap-strictness:proximity;--tw-ordinal: ;--tw-slashed-zero: ;--tw-numeric-figure: ;--tw-numeric-spacing: ;--tw-numeric-fraction: ;--tw-ring-inset: ;--tw-ring-offset-width:0px;--tw-ring-offset-color:#fff;--tw-ring-color:#4299e180;--tw-ring-offset-shadow:0 0 #0000;--tw-ring-shadow:0 0 #0000;--tw-shadow:0 0 #0000;--tw-shadow-colored:0 0 #0000;--tw-blur: ;--tw-brightness: ;--tw-contrast: ;--tw-grayscale: ;--tw-hue-rotate: ;--tw-invert: ;--tw-saturate: ;--tw-sepia: ;--tw-drop-shadow: ;--tw-backdrop-blur: ;--tw-backdrop-brightness: ;--tw-backdrop-contrast: ;--tw-backdrop-grayscale: ;--tw-backdrop-hue-rotate: ;--tw-backdrop-invert: ;--tw-backdrop-opacity: ;--tw-backdrop-saturate: ;--tw-backdrop-sepia: }*,::backdrop,:after,:before{--tw-border-spacing-x:0;--tw-border-spacing-y:0;--tw-translate-x:0;--tw-translate-y:0;--tw-rotate:0;--tw-skew-x:0;--tw-skew-y:0;--tw-scale-x:1;--tw-scale-y:1;--tw-pan-x: ;--tw-pan-y: ;--tw-pinch-zoom: ;--tw-scroll-snap-strictness:proximity;--tw-ordinal: ;--tw-slashed-zero: ;--tw-numeric-figure: ;--tw-numeric-spacing: ;--tw-numeric-fraction: ;--tw-ring-inset: ;--tw-ring-offset-width:0px;--tw-ring-offset-color:#fff;--tw-ring-color:#4299e180;--tw-ring-offset-shadow:0 0 #0000;--tw-ring-shadow:0 0 #0000;--tw-shadow:0 0 #0000;--tw-shadow-colored:0 0 #0000;--tw-blur: ;--tw-brightness: ;--tw-contrast: ;--tw-grayscale: ;--tw-hue-rotate: ;--tw-invert: ;--tw-saturate: ;--tw-sepia: ;--tw-drop-shadow: ;--tw-backdrop-blur: ;--tw-backdrop-brightness: ;--tw-backdrop-contrast: ;--tw-backdrop-grayscale: ;--tw-backdrop-hue-rotate: ;--tw-backdrop-invert: ;--tw-backdrop-opacity: ;--tw-backdrop-saturate: ;--tw-backdrop-sepia: }.container{width:100%}.\\!container{width:100%!important}@media (min-width:640px){.container{max-width:640px}.\\!container{max-width:640px!important}}@media (min-width:768px){.container{max-width:768px}.\\!container{max-width:768px!important}}@media (min-width:1024px){.container{max-width:1024px}.\\!container{max-width:1024px!important}}@media (min-width:1280px){.container{max-width:1280px}.\\!container{max-width:1280px!important}}.sr-only{clip:rect(0,0,0,0);border-width:0;height:1px;margin:-1px;overflow:hidden;padding:0;position:absolute;white-space:nowrap;width:1px}.pointer-events-none{pointer-events:none}.pointer-events-auto{pointer-events:auto}.visible{visibility:visible}.invisible{visibility:hidden}.collapse{visibility:collapse}.static{position:static}.fixed{position:fixed}.absolute{position:absolute}.relative{position:relative}.sticky{position:sticky}.inset-0{left:0;right:0}.inset-0,.inset-y-0{bottom:0;top:0}.inset-x-auto{left:auto;right:auto}.top-\\[24px\\]{top:24px}.left-1\\/2{left:50%}.bottom-\\[5px\\]{bottom:5px}.top-0{top:0}.left-0{left:0}.bottom-3{bottom:.75rem}.top-viewport{top:.5rem}.left-viewport{left:.5rem}.right-viewport-scrollbar{right:1.3rem}.bottom-viewport{bottom:.5rem}.right-0{right:0}.-top-1{top:-.25rem}.top-\\[100\\%\\],.top-full{top:100%}.bottom-\\[100\\%\\]{bottom:100%}.top-10{top:2.5rem}.left-2{left:.5rem}.right-2{right:.5rem}.top-1\\/2{top:50%}.left-\\[50\\%\\]{left:50%}.top-\\[50\\%\\]{top:50%}.right-4{right:1rem}.top-4{top:1rem}.left-\\[250px\\]{left:250px}.bottom-2{bottom:.5rem}.bottom-px{bottom:1px}.left-0\\.5{left:.125rem}.top-7{top:1.75rem}.right-8{right:2rem}.-bottom-1{bottom:-.25rem}.bottom-0{bottom:0}.top-\\[4px\\]{top:4px}.left-\\[0px\\]{left:0}.right-\\[16px\\]{right:16px}.bottom-\\[3px\\]{bottom:3px}.top-\\[25px\\]{top:25px}.left-\\[20px\\]{left:20px}.top-\\[calc\\(50\\%\\+2px\\)\\]{top:calc(50% + 2px)}.left-viewport-scrollbar{left:1.3rem}.z-\\[1000\\]{z-index:1000}.z-50{z-index:50}.z-10{z-index:10}.z-40{z-index:40}.z-20{z-index:20}.m-auto{margin:auto}.m-1{margin:.25rem}.m-5{margin:1.25rem}.m-0{margin:0}.mx-2{margin-left:.5rem;margin-right:.5rem}.my-0{margin-bottom:0;margin-top:0}.my-2{margin-bottom:.5rem;margin-top:.5rem}.mx-auto{margin-left:auto;margin-right:auto}.my-3{margin-bottom:.75rem;margin-top:.75rem}.mx-1{margin-left:.25rem;margin-right:.25rem}.my-1{margin-bottom:.25rem;margin-top:.25rem}.mx-8{margin-left:2rem;margin-right:2rem}.-mx-1{margin-left:-.25rem;margin-right:-.25rem}.mx-6{margin-left:1.5rem;margin-right:1.5rem}.mx-1\\.5{margin-left:.375rem;margin-right:.375rem}.my-0\\.5{margin-bottom:.125rem;margin-top:.125rem}.my-px{margin-bottom:1px;margin-top:1px}.ml-7{margin-left:1.75rem}.ml-2{margin-left:.5rem}.-mt-2{margin-top:-.5rem}.mt-2{margin-top:.5rem}.mt-\\[20px\\]{margin-top:20px}.ml-4{margin-left:1rem}.mb-2{margin-bottom:.5rem}.mb-4{margin-bottom:1rem}.mt-3{margin-top:.75rem}.mt-1{margin-top:.25rem}.mb-1{margin-bottom:.25rem}.mr-2\\.5{margin-right:.625rem}.mr-2{margin-right:.5rem}.mr-0\\.5{margin-right:.125rem}.mr-0{margin-right:0}.mb-6{margin-bottom:1.5rem}.ml-1{margin-left:.25rem}.mt-0\\.5{margin-top:.125rem}.mt-0{margin-top:0}.ml-auto{margin-left:auto}.mr-1{margin-right:.25rem}.mt-\\[1px\\]{margin-top:1px}.-ml-1{margin-left:-.25rem}.mb-0{margin-bottom:0}.mb-3{margin-bottom:.75rem}.mr-auto{margin-right:auto}.ml-2\\.5{margin-left:.625rem}.mr-3{margin-right:.75rem}.ml-0{margin-left:0}.mt-4{margin-top:1rem}.ml-3{margin-left:.75rem}.mb-5{margin-bottom:1.25rem}.mr-4{margin-right:1rem}.-mt-1{margin-top:-.25rem}.mb-1\\.5{margin-bottom:.375rem}.mt-1\\.5{margin-top:.375rem}.ml-1\\.5{margin-left:.375rem}.mb-0\\.5{margin-bottom:.125rem}.mb-\\[2px\\]{margin-bottom:2px}.mt-8{margin-top:2rem}.box-content{-webkit-box-sizing:initial;box-sizing:initial}.block{display:block}.inline-block{display:inline-block}.inline{display:inline}.flex{display:-webkit-box;display:-ms-flexbox;display:flex}.inline-flex{display:-webkit-inline-box;display:-ms-inline-flexbox;display:inline-flex}.\\!inline-flex{display:-webkit-inline-box!important;display:-ms-inline-flexbox!important;display:inline-flex!important}.table{display:table}.grid{display:grid}.contents{display:contents}.\\!contents{display:contents!important}.hidden{display:none}.h-full{height:100%}.h-5{height:1.25rem}.h-6{height:1.5rem}.h-4{height:1rem}.h-7{height:1.75rem}.h-9{height:2.25rem}.h-\\[62px\\]{height:62px}.h-\\[1px\\]{height:1px}.h-8{height:2rem}.h-3{height:.75rem}.h-\\[26px\\]{height:26px}.h-\\[24px\\]{height:24px}.h-\\[28px\\]{height:28px}.h-3\\.5{height:.875rem}.h-\\[calc\\(100vh-300px\\)\\]{height:calc(100vh - 300px)}.h-0\\.5{height:.125rem}.h-0{height:0}.h-screen{height:100vh}.h-14{height:3.5rem}.h-auto{height:auto}.h-\\[480px\\]{height:480px}.h-1{height:.25rem}.h-\\[170px\\]{height:170px}.h-\\[300px\\]{height:300px}.\\!h-\\[20px\\]{height:20px!important}.h-px{height:1px}.h-\\[500px\\]{height:500px}.h-\\[75px\\]{height:75px}.h-\\[175px\\]{height:175px}.h-\\[calc\\(100\\%-32px\\)\\]{height:calc(100% - 32px)}.h-\\[40px\\]{height:40px}.h-\\[18px\\]{height:18px}.h-\\[32px\\]{height:32px}.h-2{height:.5rem}.h-\\[34px\\]{height:34px}.h-\\[2px\\]{height:2px}.h-10{height:2.5rem}.h-\\[20px\\]{height:20px}.h-\\[321px\\]{height:321px}.h-\\[48px\\]{height:48px}.h-\\[25px\\]{height:25px}.h-\\[35px\\]{height:35px}.h-\\[86px\\]{height:86px}.h-12{height:3rem}.h-16{height:4rem}.h-\\[512px\\]{height:512px}.h-11{height:2.75rem}.\\!h-\\[36px\\]{height:36px!important}.\\!h-\\[30px\\]{height:30px!important}.h-2\\.5{height:.625rem}.h-\\[var\\(--radix-select-trigger-height\\)\\]{height:var(--radix-select-trigger-height)}.h-\\[14px\\]{height:14px}.h-\\[10px\\]{height:10px}.h-\\[15px\\]{height:15px}.h-\\[52px\\]{height:52px}.h-\\[12px\\]{height:12px}.h-\\[calc\\(100\\%-0\\.25rem\\)\\]{height:calc(100% - .25rem)}.max-h-0{max-height:0}.max-h-48{max-height:12rem}.max-h-\\[300px\\]{max-height:300px}.max-h-7{max-height:1.75rem}.max-h-\\[80vh\\]{max-height:80vh}.max-h-\\[500px\\]{max-height:500px}.max-h-96{max-height:24rem}.min-h-\\[1px\\]{min-height:1px}.min-h-0{min-height:0}.min-h-\\[375px\\]{min-height:375px}.min-h-14{min-height:3.5rem}.min-h-\\[18px\\]{min-height:18px}.w-full{width:100%}.w-5{width:1.25rem}.w-6{width:1.5rem}.w-4{width:1rem}.w-7{width:1.75rem}.w-\\[90\\%\\]{width:90%}.w-auto{width:auto}.w-\\[245px\\]{width:245px}.w-\\[88px\\]{width:88px}.w-\\[252px\\]{width:252px}.w-20{width:5rem}.w-3{width:.75rem}.w-1\\/2{width:50%}.w-1\\/3{width:33.333333%}.w-\\[115px\\]{width:115px}.w-\\[58px\\]{width:58px}.w-\\[24px\\]{width:24px}.w-3\\.5{width:.875rem}.w-1\\/4{width:25%}.w-4\\/24{width:16.66666667%}.w-2\\/24{width:8.333333333%}.w-6\\/24{width:25%}.w-5\\/24{width:20.83333333%}.w-screen{width:100vw}.w-\\[400px\\]{width:400px}.w-60{width:15rem}.w-10{width:2.5rem}.w-24{width:6rem}.w-0{width:0}.w-72{width:18rem}.w-32{width:8rem}.w-\\[275px\\]{width:275px}.w-\\[130px\\]{width:130px}.w-16{width:4rem}.w-\\[95px\\]{width:95px}.w-\\[18px\\]{width:18px}.w-1\\/24{width:4.166666667%}.w-3\\/24{width:12.5%}.w-7\\/24{width:29.16666667%}.w-8\\/24{width:33.33333333%}.w-9\\/24{width:37.5%}.w-10\\/24{width:41.66666667%}.w-11\\/24{width:45.83333333%}.w-12\\/24{width:50%}.w-13\\/24{width:54.16666667%}.w-14\\/24{width:58.33333333%}.w-15\\/24{width:62.5%}.w-16\\/24{width:66.66666667%}.w-17\\/24{width:70.83333333%}.w-18\\/24{width:75%}.w-19\\/24{width:79.16666667%}.w-20\\/24{width:83.33333333%}.w-21\\/24{width:87.5%}.w-22\\/24{width:91.66666667%}.w-23\\/24{width:95.83333333%}.w-48{width:12rem}.w-2{width:.5rem}.w-max-content{width:-webkit-max-content;width:-moz-max-content;width:max-content}.w-\\[180px\\]{width:180px}.w-9{width:2.25rem}.w-40{width:10rem}.w-\\[200px\\]{width:200px}.w-\\[20px\\]{width:20px}.w-14{width:3.5rem}.w-64{width:16rem}.w-\\[45px\\]{width:45px}.w-\\[206px\\]{width:206px}.w-12{width:3rem}.w-\\[50px\\]{width:50px}.w-\\[512px\\]{width:512px}.w-\\[5\\.5rem\\]{width:5.5rem}.w-2\\/3{width:66.666667%}.w-4\\/5{width:80%}.\\!w-\\[100\\%\\]{width:100%!important}.\\!w-\\[30px\\]{width:30px!important}.w-\\[26px\\]{width:26px}.w-1{width:.25rem}.w-2\\.5{width:.625rem}.w-8{width:2rem}.w-\\[28px\\]{width:28px}.w-\\[2px\\]{width:2px}.w-\\[50\\%\\]{width:50%}.w-\\[10px\\]{width:10px}.w-\\[15px\\]{width:15px}.w-\\[4px\\]{width:4px}.w-\\[calc\\(100\\%-12px\\)\\]{width:calc(100% - 12px)}.w-px{width:1px}.w-28{width:7rem}.\\!w-\\[20px\\]{width:20px!important}.min-w-\\[1px\\]{min-width:1px}.min-w-\\[400px\\]{min-width:400px}.min-w-32{min-width:8rem}.min-w-\\[45px\\]{min-width:45px}.min-w-0{min-width:0}.min-w-\\[32px\\]{min-width:32px}.min-w-md{min-width:6rem}.min-w-16{min-width:4rem}.min-w-\\[8rem\\]{min-width:8rem}.min-w-\\[80px\\]{min-width:80px}.min-w-\\[60px\\]{min-width:60px}.\\!min-w-\\[62px\\]{min-width:62px!important}.min-w-\\[var\\(--radix-select-trigger-width\\)\\]{min-width:var(--radix-select-trigger-width)}.min-w-\\[140px\\]{min-width:140px}.min-w-\\[120px\\]{min-width:120px}.min-w-\\[4px\\]{min-width:4px}.min-w-\\[5px\\]{min-width:5px}.max-w-4xl{max-width:56rem}.max-w-3xl{max-width:48rem}.max-w-xs{max-width:20rem}.max-w-\\[40\\%\\]{max-width:40%}.max-w-md{max-width:28rem}.max-w-none{max-width:none}.max-w-44{max-width:11rem}.max-w-7{max-width:1.75rem}.max-w-12{max-width:3rem}.max-w-lg{max-width:32rem}.max-w-sm{max-width:24rem}.\\!max-w-\\[260px\\]{max-width:260px!important}.max-w-\\[200px\\]{max-width:200px}.max-w-\\[160px\\]{max-width:160px}.max-w-\\[100px\\]{max-width:100px}.max-w-24{max-width:6rem}.flex-1{-webkit-box-flex:1;-ms-flex:1 1 0%;flex:1 1 0%}.flex-auto{-webkit-box-flex:1;-ms-flex:1 1 auto;flex:1 1 auto}.flex-initial{-webkit-box-flex:0;-ms-flex:0 1 auto;flex:0 1 auto}.flex-none{-webkit-box-flex:0;-ms-flex:none;flex:none}.flex-shrink-0{-ms-flex-negative:0;flex-shrink:0}.flex-shrink{-ms-flex-negative:1;flex-shrink:1}.shrink-0{-ms-flex-negative:0;flex-shrink:0}.shrink{-ms-flex-negative:1;flex-shrink:1}.flex-grow,.grow{-webkit-box-flex:1;-ms-flex-positive:1;flex-grow:1}.grow-0{-webkit-box-flex:0;-ms-flex-positive:0;flex-grow:0}.basis-\\[200px\\]{-ms-flex-preferred-size:200px;flex-basis:200px}.border-collapse{border-collapse:collapse}.origin-top{-webkit-transform-origin:top;transform-origin:top}.-translate-x-1\\/2{--tw-translate-x:-50%}.-translate-x-1\\/2,.-translate-y-1\\/2{-webkit-transform:translate(var(--tw-translate-x),var(--tw-translate-y)) rotate(var(--tw-rotate)) skewX(var(--tw-skew-x)) skewY(var(--tw-skew-y)) scaleX(var(--tw-scale-x)) scaleY(var(--tw-scale-y));transform:translate(var(--tw-translate-x),var(--tw-translate-y)) rotate(var(--tw-rotate)) skewX(var(--tw-skew-x)) skewY(var(--tw-skew-y)) scaleX(var(--tw-scale-x)) scaleY(var(--tw-scale-y))}.-translate-y-1\\/2{--tw-translate-y:-50%}.translate-x-\\[-50\\%\\]{--tw-translate-x:-50%}.translate-x-\\[-50\\%\\],.translate-y-\\[-50\\%\\]{-webkit-transform:translate(var(--tw-translate-x),var(--tw-translate-y)) rotate(var(--tw-rotate)) skewX(var(--tw-skew-x)) skewY(var(--tw-skew-y)) scaleX(var(--tw-scale-x)) scaleY(var(--tw-scale-y));transform:translate(var(--tw-translate-x),var(--tw-translate-y)) rotate(var(--tw-rotate)) skewX(var(--tw-skew-x)) skewY(var(--tw-skew-y)) scaleX(var(--tw-scale-x)) scaleY(var(--tw-scale-y))}.translate-y-\\[-50\\%\\]{--tw-translate-y:-50%}.rotate-180{--tw-rotate:180deg}.-rotate-90,.rotate-180{-webkit-transform:translate(var(--tw-translate-x),var(--tw-translate-y)) rotate(var(--tw-rotate)) skewX(var(--tw-skew-x)) skewY(var(--tw-skew-y)) scaleX(var(--tw-scale-x)) scaleY(var(--tw-scale-y));transform:translate(var(--tw-translate-x),var(--tw-translate-y)) rotate(var(--tw-rotate)) skewX(var(--tw-skew-x)) skewY(var(--tw-skew-y)) scaleX(var(--tw-scale-x)) scaleY(var(--tw-scale-y))}.-rotate-90{--tw-rotate:-90deg}.transform{-webkit-transform:translate(var(--tw-translate-x),var(--tw-translate-y)) rotate(var(--tw-rotate)) skewX(var(--tw-skew-x)) skewY(var(--tw-skew-y)) scaleX(var(--tw-scale-x)) scaleY(var(--tw-scale-y));transform:translate(var(--tw-translate-x),var(--tw-translate-y)) rotate(var(--tw-rotate)) skewX(var(--tw-skew-x)) skewY(var(--tw-skew-y)) scaleX(var(--tw-scale-x)) scaleY(var(--tw-scale-y))}@-webkit-keyframes spin{to{-webkit-transform:rotate(1turn);transform:rotate(1turn)}}@keyframes spin{to{-webkit-transform:rotate(1turn);transform:rotate(1turn)}}.animate-spin{-webkit-animation:spin 1s linear infinite;animation:spin 1s linear infinite}.cursor-pointer{cursor:pointer}.cursor-auto{cursor:auto}.cursor-default{cursor:default}.cursor-not-allowed{cursor:not-allowed}.touch-none{-ms-touch-action:none;touch-action:none}.select-none{-webkit-user-select:none;   -moz-user-select:none;    -ms-user-select:none;        user-select:none}.select-text{-webkit-user-select:text;   -moz-user-select:text;    -ms-user-select:text;        user-select:text}.resize{resize:both}.appearance-none{-webkit-appearance:none;-moz-appearance:none;appearance:none}.grid-cols-4{grid-template-columns:repeat(4,minmax(0,1fr))}.grid-cols-1{grid-template-columns:repeat(1,minmax(0,1fr))}.grid-cols-\\[repeat\\(auto-fit\\2c _minmax\\(0\\2c 275px\\)\\)\\]{grid-template-columns:repeat(auto-fit,minmax(0,275px))}.flex-row{-webkit-box-orient:horizontal;-webkit-box-direction:normal;-ms-flex-direction:row;flex-direction:row}.\\!flex-row{-webkit-box-orient:horizontal!important;-webkit-box-direction:normal!important;-ms-flex-direction:row!important;flex-direction:row!important}.flex-col{-webkit-box-orient:vertical;-webkit-box-direction:normal;-ms-flex-direction:column;flex-direction:column}.flex-col-reverse{-webkit-box-orient:vertical;-webkit-box-direction:reverse;-ms-flex-direction:column-reverse;flex-direction:column-reverse}.flex-wrap{-ms-flex-wrap:wrap;flex-wrap:wrap}.flex-nowrap{-ms-flex-wrap:nowrap;flex-wrap:nowrap}.place-items-start{place-items:start}.place-items-center{place-items:center}.items-start{-webkit-box-align:start;-ms-flex-align:start;align-items:flex-start}.items-end{-webkit-box-align:end;-ms-flex-align:end;align-items:flex-end}.items-center{-webkit-box-align:center;-ms-flex-align:center;align-items:center}.\\!items-center{-webkit-box-align:center!important;-ms-flex-align:center!important;align-items:center!important}.items-baseline{-webkit-box-align:baseline;-ms-flex-align:baseline;align-items:baseline}.items-stretch{-webkit-box-align:stretch;-ms-flex-align:stretch;align-items:stretch}.justify-start{-webkit-box-pack:start;-ms-flex-pack:start;justify-content:flex-start}.justify-end{-webkit-box-pack:end;-ms-flex-pack:end;justify-content:flex-end}.justify-center{-webkit-box-pack:center;-ms-flex-pack:center;justify-content:center}.\\!justify-center{-webkit-box-pack:center!important;-ms-flex-pack:center!important;justify-content:center!important}.justify-between{-webkit-box-pack:justify;-ms-flex-pack:justify;justify-content:space-between}.gap-1{gap:.25rem}.gap-2{gap:.5rem}.gap-\\[3px\\]{gap:3px}.gap-6{gap:1.5rem}.gap-4{gap:1rem}.gap-\\[8px\\]{gap:8px}.gap-\\[10px\\]{gap:10px}.gap-2\\.5{gap:.625rem}.gap-\\[4px\\]{gap:4px}.gap-\\[6px\\]{gap:6px}.gap-3{gap:.75rem}.gap-\\[5px\\]{gap:5px}.gap-0{gap:0}.\\!gap-\\[5px\\]{gap:5px!important}.gap-0\\.5{gap:.125rem}.gap-\\[2px\\]{gap:2px}.gap-\\[7px\\]{gap:7px}.gap-x-16{-webkit-column-gap:4rem;-moz-column-gap:4rem;column-gap:4rem}.space-x-1>:not([hidden])~:not([hidden]){--tw-space-x-reverse:0;margin-left:calc(.25rem*(1 - var(--tw-space-x-reverse)));margin-right:calc(.25rem*var(--tw-space-x-reverse))}.space-y-2>:not([hidden])~:not([hidden]){--tw-space-y-reverse:0;margin-bottom:calc(.5rem*var(--tw-space-y-reverse));margin-top:calc(.5rem*(1 - var(--tw-space-y-reverse)))}.space-x-2>:not([hidden])~:not([hidden]){--tw-space-x-reverse:0;margin-left:calc(.5rem*(1 - var(--tw-space-x-reverse)));margin-right:calc(.5rem*var(--tw-space-x-reverse))}.space-y-4>:not([hidden])~:not([hidden]){--tw-space-y-reverse:0;margin-bottom:calc(1rem*var(--tw-space-y-reverse));margin-top:calc(1rem*(1 - var(--tw-space-y-reverse)))}.space-x-14>:not([hidden])~:not([hidden]){--tw-space-x-reverse:0;margin-left:calc(3.5rem*(1 - var(--tw-space-x-reverse)));margin-right:calc(3.5rem*var(--tw-space-x-reverse))}.space-x-4>:not([hidden])~:not([hidden]){--tw-space-x-reverse:0;margin-left:calc(1rem*(1 - var(--tw-space-x-reverse)));margin-right:calc(1rem*var(--tw-space-x-reverse))}.space-y-3>:not([hidden])~:not([hidden]){--tw-space-y-reverse:0;margin-bottom:calc(.75rem*var(--tw-space-y-reverse));margin-top:calc(.75rem*(1 - var(--tw-space-y-reverse)))}.space-y-1>:not([hidden])~:not([hidden]){--tw-space-y-reverse:0;margin-bottom:calc(.25rem*var(--tw-space-y-reverse));margin-top:calc(.25rem*(1 - var(--tw-space-y-reverse)))}.space-x-3>:not([hidden])~:not([hidden]){--tw-space-x-reverse:0;margin-left:calc(.75rem*(1 - var(--tw-space-x-reverse)));margin-right:calc(.75rem*var(--tw-space-x-reverse))}.space-y-1\\.5>:not([hidden])~:not([hidden]){--tw-space-y-reverse:0;margin-bottom:calc(.375rem*var(--tw-space-y-reverse));margin-top:calc(.375rem*(1 - var(--tw-space-y-reverse)))}.space-y-5>:not([hidden])~:not([hidden]){--tw-space-y-reverse:0;margin-bottom:calc(1.25rem*var(--tw-space-y-reverse));margin-top:calc(1.25rem*(1 - var(--tw-space-y-reverse)))}.space-y-px>:not([hidden])~:not([hidden]){--tw-space-y-reverse:0;margin-bottom:calc(1px*var(--tw-space-y-reverse));margin-top:calc(1px*(1 - var(--tw-space-y-reverse)))}.space-y-0>:not([hidden])~:not([hidden]){--tw-space-y-reverse:0;margin-bottom:calc(0px*var(--tw-space-y-reverse));margin-top:calc(0px*(1 - var(--tw-space-y-reverse)))}.self-start{-ms-flex-item-align:start;align-self:flex-start}.self-end{-ms-flex-item-align:end;align-self:flex-end}.self-center{-ms-flex-item-align:center;align-self:center}.self-stretch{-ms-flex-item-align:stretch;align-self:stretch}.overflow-auto{overflow:auto}.overflow-hidden{overflow:hidden}.overflow-visible{overflow:visible}.overflow-y-auto{overflow-y:auto}.overflow-x-hidden{overflow-x:hidden}.overflow-y-scroll{overflow-y:scroll}.truncate{overflow:hidden;text-overflow:ellipsis;white-space:nowrap}.\\!truncate{overflow:hidden!important;text-overflow:ellipsis!important;white-space:nowrap!important}.overflow-ellipsis,.text-ellipsis{text-overflow:ellipsis}.whitespace-normal{white-space:normal}.whitespace-nowrap{white-space:nowrap}.\\!whitespace-nowrap{white-space:nowrap!important}.whitespace-pre{white-space:pre}.whitespace-pre-line{white-space:pre-line}.whitespace-pre-wrap{white-space:pre-wrap}.break-normal{overflow-wrap:normal;word-break:normal}.break-words{overflow-wrap:break-word}.\\!break-words{overflow-wrap:break-word!important}.break-all{word-break:break-all}.rounded{border-radius:.25rem}.rounded-lg{border-radius:var(--radius)}.rounded-md{border-radius:calc(var(--radius) - 2px)}.rounded-full{border-radius:9999px}.rounded-2xl{border-radius:1rem}.rounded-\\[4px\\]{border-radius:4px}.rounded-\\[5px\\]{border-radius:5px}.rounded-sm{border-radius:calc(var(--radius) - 4px)}.\\!rounded-lg{border-radius:var(--radius)!important}.\\!rounded{border-radius:.25rem!important}.rounded-\\[inherit\\]{border-radius:inherit}.rounded-none{border-radius:0}.rounded-\\[2px\\]{border-radius:2px}.rounded-xl{border-radius:.75rem}.rounded-l{border-bottom-left-radius:.25rem;border-top-left-radius:.25rem}.rounded-l-xl{border-bottom-left-radius:.75rem;border-top-left-radius:.75rem}.rounded-r{border-top-right-radius:.25rem}.rounded-b,.rounded-r{border-bottom-right-radius:.25rem}.rounded-b{border-bottom-left-radius:.25rem}.rounded-b-md{border-bottom-left-radius:calc(var(--radius) - 2px);border-bottom-right-radius:calc(var(--radius) - 2px)}.rounded-t-md{border-top-left-radius:calc(var(--radius) - 2px);border-top-right-radius:calc(var(--radius) - 2px)}.rounded-t{border-top-left-radius:.25rem;border-top-right-radius:.25rem}.rounded-t-2xl{border-top-left-radius:1rem;border-top-right-radius:1rem}.rounded-b-2xl{border-bottom-left-radius:1rem;border-bottom-right-radius:1rem}.rounded-tr{border-top-right-radius:.25rem}.\\!rounded-tr-lg{border-top-right-radius:var(--radius)!important}.\\!rounded-br-lg{border-bottom-right-radius:var(--radius)!important}.\\!rounded-tl-none{border-top-left-radius:0!important}.\\!rounded-bl-none{border-bottom-left-radius:0!important}.border{border-width:1px}.border-2{border-width:2px}.border-\\[1px\\]{border-width:1px}.border-0{border-width:0}.border-r{border-right-width:1px}.border-b{border-bottom-width:1px}.border-b-\\[2px\\]{border-bottom-width:2px}.border-l{border-left-width:1px}.border-l-2{border-left-width:2px}.border-t{border-top-width:1px}.border-t-0{border-top-width:0}.border-l-0{border-left-width:0}.border-r-0{border-right-width:0}.border-b-0{border-bottom-width:0}.border-b-4{border-bottom-width:4px}.border-l-\\[2px\\]{border-left-width:2px}.border-l-\\[4px\\]{border-left-width:4px}.border-solid{border-style:solid}.border-dashed{border-style:dashed}.border-none{border-style:none}.border-black{--tw-border-opacity:1;border-color:rgb(0 0 0/var(--tw-border-opacity))}.border-primary\\/60{border-color:#9999}.border-primary-light{--tw-border-opacity:1;border-color:rgb(208 208 208/var(--tw-border-opacity))}.border-primary-active{--tw-border-opacity:1;border-color:rgb(31 178 80/var(--tw-border-opacity))}.border-secondary-light{--tw-border-opacity:1;border-color:rgb(42 42 42/var(--tw-border-opacity))}.border-transparent{border-color:#0000}.border-common-dark{border-color:#a8a8a8}.border-gray-800{--tw-border-opacity:1;border-color:rgb(45 55 72/var(--tw-border-opacity))}.border-blue-900{--tw-border-opacity:1;border-color:rgb(42 67 101/var(--tw-border-opacity))}.border-input{border-color:hsl(var(--input))}.border-white\\/20{border-color:#fff3}.border-highlight{border-color:hsl(var(--highlight))}.border-primary-dark{--tw-border-opacity:1;border-color:rgb(0 0 0/var(--tw-border-opacity))}.border-inputfield-main{border-color:#532222}.border-primary-main{--tw-border-opacity:1;border-color:rgb(31 31 32/var(--tw-border-opacity))}.border-white{--tw-border-opacity:1;border-color:rgb(255 255 255/var(--tw-border-opacity))}.border-gray-500{--tw-border-opacity:1;border-color:rgb(160 174 192/var(--tw-border-opacity))}.border-primary\\/25{border-color:#99999940}.border-primary{border-color:#999}.border-background{border-color:hsl(var(--background))}.border-input\\/50{border-color:hsl(var(--input)/.5)}.border-white\\/10{border-color:#ffffff1a}.border-secondary-main{--tw-border-opacity:1;border-color:rgb(31 31 31/var(--tw-border-opacity))}.border-primary\\/70{border-color:#999999b3}.border-primary\\/35{border-color:#99999959}.\\!border-secondary-light{--tw-border-opacity:1!important;border-color:rgb(42 42 42/var(--tw-border-opacity))!important}.border-b-input{border-bottom-color:hsl(var(--input))}.border-l-transparent{border-left-color:#0000}.border-t-transparent{border-top-color:#0000}.bg-black{--tw-bg-opacity:1;background-color:rgb(0 0 0/var(--tw-bg-opacity))}.bg-primary-light{--tw-bg-opacity:1;background-color:rgb(208 208 208/var(--tw-bg-opacity))}.bg-popover{background-color:hsl(var(--popover))}.bg-muted{background-color:hsl(var(--muted))}.bg-highlight{background-color:hsl(var(--highlight))}.bg-primary\\/30{background-color:#9999994d}.bg-background{background-color:hsl(var(--background))}.bg-input{background-color:hsl(var(--input))}.bg-transparent{background-color:initial}.bg-primary-dark{--tw-bg-opacity:1;background-color:rgb(0 0 0/var(--tw-bg-opacity))}.bg-secondary-dark{--tw-bg-opacity:1;background-color:rgb(37 37 37/var(--tw-bg-opacity))}.bg-black\\/\\[\\.4\\]{background-color:#0006}.bg-\\[\\#2a2a4a\\]{--tw-bg-opacity:1;background-color:rgb(42 42 74/var(--tw-bg-opacity))}.bg-blue-800{--tw-bg-opacity:1;background-color:rgb(44 82 130/var(--tw-bg-opacity))}.bg-customgray-100{--tw-bg-opacity:1;background-color:rgb(38 41 67/var(--tw-bg-opacity))}.bg-primary-main{--tw-bg-opacity:1;background-color:rgb(31 31 32/var(--tw-bg-opacity))}.bg-customblue-30{--tw-bg-opacity:1;background-color:rgb(30 30 30/var(--tw-bg-opacity))}.bg-inputfield-placeholder{--tw-bg-opacity:1;background-color:rgb(57 56 63/var(--tw-bg-opacity))}.bg-customblue-40{--tw-bg-opacity:1;background-color:rgb(212 81 22/var(--tw-bg-opacity))}.bg-secondary-light{--tw-bg-opacity:1;background-color:rgb(42 42 42/var(--tw-bg-opacity))}.bg-white{--tw-bg-opacity:1;background-color:rgb(255 255 255/var(--tw-bg-opacity))}.bg-popover\\/90{background-color:hsl(var(--popover)/.9)}.bg-primary\\/60{background-color:#9999}.bg-destructive{background-color:hsl(var(--destructive))}.bg-primary\\/40{background-color:#9996}.bg-accent{background-color:hsl(var(--accent))}.bg-card{background-color:hsl(var(--card))}.bg-border{background-color:hsl(var(--border))}.bg-primary\\/20{background-color:#9993}.bg-black\\/60{background-color:#0009}.bg-primary{background-color:#999}.bg-primary-active{--tw-bg-opacity:1;background-color:rgb(31 178 80/var(--tw-bg-opacity))}.bg-\\[\\#04225b\\]{--tw-bg-opacity:1;background-color:rgb(4 34 91/var(--tw-bg-opacity))}.bg-black\\/80{background-color:#000c}.bg-foreground{background-color:hsl(var(--foreground))}.\\!bg-popover{background-color:hsl(var(--popover))!important}.\\!bg-\\[\\#348cfd\\]{--tw-bg-opacity:1!important;background-color:rgb(52 140 253/var(--tw-bg-opacity))!important}.\\!bg-transparent{background-color:initial!important}.bg-neutral\\/50{background-color:hsl(var(--neutral)/.5)}.bg-bkg-low{--tw-bg-opacity:1;background-color:rgb(0 0 0/var(--tw-bg-opacity))}.bg-\\[\\#1E1E1E\\]{--tw-bg-opacity:1;background-color:rgb(30 30 30/var(--tw-bg-opacity))}.bg-primary\\/65{background-color:#999999a6}.bg-primary\\/25{background-color:#99999940}.bg-primary\\/10{background-color:#9999991a}.bg-gray-400{--tw-bg-opacity:1;background-color:rgb(203 213 224/var(--tw-bg-opacity))}.bg-\\[\\#222d44\\]{--tw-bg-opacity:1;background-color:rgb(34 45 68/var(--tw-bg-opacity))}.bg-opacity-30{--tw-bg-opacity:.30}.bg-gradient-to-b{background-image:-webkit-gradient(linear,left top, left bottom,from(var(--tw-gradient-stops)));background-image:linear-gradient(to bottom,var(--tw-gradient-stops))}.bg-gradient-to-t{background-image:-webkit-gradient(linear,left bottom, left top,from(var(--tw-gradient-stops)));background-image:linear-gradient(to top,var(--tw-gradient-stops))}.from-background{--tw-gradient-from:hsl(var(--background));--tw-gradient-to:hsl(var(--background)/0);--tw-gradient-stops:var(--tw-gradient-from),var(--tw-gradient-to)}.via-background\\/80{--tw-gradient-to:hsl(var(--background)/0);--tw-gradient-stops:var(--tw-gradient-from),hsl(var(--background)/.80),var(--tw-gradient-to)}.to-transparent{--tw-gradient-to:#0000}.fill-current{fill:currentColor}.stroke-secondary-light{stroke:#2a2a2a}.object-contain{-o-object-fit:contain;object-fit:contain}.p-4{padding:1rem}.p-3{padding:.75rem}.p-0{padding:0}.p-3\\.5{padding:.875rem}.p-0\\.5{padding:.125rem}.p-1{padding:.25rem}.p-2{padding:.5rem}.p-6{padding:1.5rem}.p-2\\.5{padding:.625rem}.p-1\\.5{padding:.375rem}.p-px{padding:1px}.p-5{padding:1.25rem}.p-\\[12px\\]{padding:12px}.p-\\[2px\\]{padding:2px}.p-\\[1px\\]{padding:1px}.p-\\[4px\\]{padding:4px}.p-8{padding:2rem}.px-2{padding-left:.5rem;padding-right:.5rem}.py-2{padding-bottom:.5rem;padding-top:.5rem}.py-3{padding-bottom:.75rem;padding-top:.75rem}.px-5{padding-left:1.25rem;padding-right:1.25rem}.px-3{padding-left:.75rem;padding-right:.75rem}.py-4{padding-bottom:1rem;padding-top:1rem}.px-2\\.5{padding-left:.625rem;padding-right:.625rem}.px-6{padding-left:1.5rem;padding-right:1.5rem}.py-1\\.5{padding-bottom:.375rem;padding-top:.375rem}.py-1{padding-bottom:.25rem;padding-top:.25rem}.py-8{padding-bottom:2rem;padding-top:2rem}.px-8{padding-left:2rem;padding-right:2rem}.px-0{padding-left:0;padding-right:0}.py-0{padding-bottom:0;padding-top:0}.px-1{padding-left:.25rem;padding-right:.25rem}.px-4{padding-left:1rem;padding-right:1rem}.py-0\\.5{padding-bottom:.125rem;padding-top:.125rem}.px-\\[10px\\]{padding-left:10px;padding-right:10px}.px-9{padding-left:2.25rem;padding-right:2.25rem}.py-10{padding-bottom:2.5rem;padding-top:2.5rem}.py-\\[6px\\]{padding-bottom:6px;padding-top:6px}.px-\\[8px\\]{padding-left:8px;padding-right:8px}.py-5{padding-bottom:1.25rem;padding-top:1.25rem}.py-\\[6\\.5px\\]{padding-bottom:6.5px;padding-top:6.5px}.py-6{padding-bottom:1.5rem;padding-top:1.5rem}.\\!px-\\[10px\\]{padding-left:10px!important;padding-right:10px!important}.px-1\\.5{padding-left:.375rem;padding-right:.375rem}.py-\\[10px\\]{padding-bottom:10px;padding-top:10px}.py-12{padding-bottom:3rem;padding-top:3rem}.px-12{padding-left:3rem;padding-right:3rem}.pl-1{padding-left:.25rem}.pl-2{padding-left:.5rem}.pl-0{padding-left:0}.pt-1{padding-top:.25rem}.pb-1{padding-bottom:.25rem}.pr-0\\.5{padding-right:.125rem}.pr-0{padding-right:0}.pl-1\\.5{padding-left:.375rem}.pl-0\\.5{padding-left:.125rem}.pb-\\[2px\\]{padding-bottom:2px}.pl-\\[8px\\]{padding-left:8px}.pt-\\[6px\\]{padding-top:6px}.pl-\\[34px\\]{padding-left:34px}.pl-9{padding-left:2.25rem}.pt-2{padding-top:.5rem}.pb-4{padding-bottom:1rem}.pt-0\\.5{padding-top:.125rem}.pt-0{padding-top:0}.pl-8{padding-left:2rem}.pr-9{padding-right:2.25rem}.pb-2{padding-bottom:.5rem}.pt-4{padding-top:1rem}.pt-6{padding-top:1.5rem}.pl-10{padding-left:2.5rem}.pr-2{padding-right:.5rem}.pr-1{padding-right:.25rem}.pl-4{padding-left:1rem}.pl-12{padding-left:3rem}.pt-5{padding-top:1.25rem}.pt-3{padding-top:.75rem}.pb-3{padding-bottom:.75rem}.pl-\\[6\\.5px\\]{padding-left:6.5px}.pr-\\[6\\.5px\\]{padding-right:6.5px}.pr-px{padding-right:1px}.pl-\\[22px\\]{padding-left:22px}.pr-\\[22px\\]{padding-right:22px}.pt-\\[10px\\]{padding-top:10px}.pb-\\[10px\\]{padding-bottom:10px}.pl-2\\.5{padding-left:.625rem}.pr-7{padding-right:1.75rem}.pb-6{padding-bottom:1.5rem}.pr-8{padding-right:2rem}.pb-0\\.5{padding-bottom:.125rem}.pb-0{padding-bottom:0}.pt-\\[2px\\]{padding-top:2px}.pl-\\[10px\\]{padding-left:10px}.pr-\\[6px\\]{padding-right:6px}.pl-\\[5px\\]{padding-left:5px}.pr-4{padding-right:1rem}.pt-px{padding-top:1px}.pr-\\[8px\\]{padding-right:8px}.pt-\\[4px\\]{padding-top:4px}.pb-\\[4px\\]{padding-bottom:4px}.pr-\\[2\\.5px\\]{padding-right:2.5px}.pl-\\[4px\\]{padding-left:4px}.pt-12{padding-top:3rem}.pt-48{padding-top:12rem}.text-left{text-align:left}.text-center{text-align:center}.\\!text-center{text-align:center!important}.text-right{text-align:right}.text-justify{text-align:justify}.font-sans{font-family:Inter,system-ui,-apple-system,BlinkMacSystemFont,Segoe UI,Roboto,Helvetica Neue,Arial,Noto Sans,sans-serif,Apple Color Emoji,Segoe UI Emoji,Segoe UI Symbol,Noto Color Emoji}.font-mono{font-family:Menlo,Monaco,Consolas,Liberation Mono,Courier New,monospace}.\\!font-sans{font-family:Inter,system-ui,-apple-system,BlinkMacSystemFont,Segoe UI,Roboto,Helvetica Neue,Arial,Noto Sans,sans-serif,Apple Color Emoji,Segoe UI Emoji,Segoe UI Symbol,Noto Color Emoji!important}.text-base{font-size:.8125rem}.text-xs{font-size:.6875rem}.text-sm{font-size:.75rem}.text-\\[20px\\]{font-size:20px}.text-\\[14px\\]{font-size:14px}.text-xl{font-size:1rem}.text-lg{font-size:.875rem}.text-\\[13px\\]{font-size:13px}.text-\\[11px\\]{font-size:11px}.text-6xl{font-size:4rem}.text-5xl{font-size:3rem}.text-4xl{font-size:2.25rem}.text-3xl{font-size:1.875rem}.text-2xl{font-size:1.5rem}.text-\\[0\\.8rem\\]{font-size:.8rem}.text-\\[19px\\]{font-size:19px}.\\!text-xl{font-size:1rem!important}.\\!text-\\[14px\\]{font-size:14px!important}.text-\\[0px\\]{font-size:0}.text-\\[10px\\]{font-size:10px}.text-\\[12px\\]{font-size:12px}.text-\\[22px\\]{font-size:22px}.text-\\[16px\\]{font-size:16px}.font-normal{font-weight:400}.font-bold{font-weight:700}.font-light{font-weight:300}.font-semibold{font-weight:600}.font-medium{font-weight:500}.uppercase{text-transform:uppercase}.lowercase{text-transform:lowercase}.leading-normal{line-height:1.5}.leading-none{line-height:1}.leading-5{line-height:1.25rem}.leading-6{line-height:1.5rem}.leading-\\[1\\.2\\]{line-height:1.2}.leading-tight{line-height:1.25}.leading-\\[18px\\]{line-height:18px}.leading-\\[22px\\]{line-height:22px}.leading-3{line-height:.75rem}.\\!leading-\\[1\\.5\\]{line-height:1.5!important}.\\!leading-\\[1\\.2\\]{line-height:1.2!important}.leading-4{line-height:1rem}.tracking-wide{letter-spacing:.025em}.tracking-tight{letter-spacing:-.025em}.tracking-widest{letter-spacing:.1em}.tracking-\\[0\\.18em\\]{letter-spacing:.18em}.\\!text-black{--tw-text-opacity:1!important;color:rgb(0 0 0/var(--tw-text-opacity))!important}.\\!text-common-bright{--tw-text-opacity:1!important;color:rgb(225 225 225/var(--tw-text-opacity))!important}.text-foreground{color:hsl(var(--foreground))}.text-secondary-foreground{--tw-text-opacity:1;color:rgb(208 208 208/var(--tw-text-opacity))}.text-primary{color:#999}.text-muted-foreground{color:hsl(var(--muted-foreground))}.text-red-600{--tw-text-opacity:1;color:rgb(229 62 62/var(--tw-text-opacity))}.text-white{--tw-text-opacity:1;color:rgb(255 255 255/var(--tw-text-opacity))}.text-aqua-pale{--tw-text-opacity:1;color:rgb(123 178 206/var(--tw-text-opacity))}.text-primary-light{--tw-text-opacity:1;color:rgb(208 208 208/var(--tw-text-opacity))}.text-highlight{color:hsl(var(--highlight))}.text-foreground\\/70{color:hsl(var(--foreground)/.7)}.text-blue-300{--tw-text-opacity:1;color:rgb(144 205 244/var(--tw-text-opacity))}.text-neutral-dark{color:hsl(var(--neutral-dark))}.text-neutral-light{color:hsl(var(--neutral-light))}.text-neutral-dark\\/70{color:hsl(var(--neutral-dark)/.7)}.text-neutral-light\\/70{color:hsl(var(--neutral-light)/.7)}.text-blue-500{--tw-text-opacity:1;color:rgb(66 153 225/var(--tw-text-opacity))}.text-common-light{--tw-text-opacity:1;color:rgb(161 159 173/var(--tw-text-opacity))}.text-primary-active{--tw-text-opacity:1;color:rgb(31 178 80/var(--tw-text-opacity))}.text-primary-main{--tw-text-opacity:1;color:rgb(31 31 32/var(--tw-text-opacity))}.text-secondary-light{--tw-text-opacity:1;color:rgb(42 42 42/var(--tw-text-opacity))}.text-black,.text-primary-dark{--tw-text-opacity:1;color:rgb(0 0 0/var(--tw-text-opacity))}.text-inherit{color:inherit}.\\!text-primary{color:#999!important}.text-primary-foreground{--tw-text-opacity:1;color:rgb(248 248 248/var(--tw-text-opacity))}.text-destructive-foreground{color:hsl(var(--destructive-foreground))}.text-accent-foreground{color:hsl(var(--accent-foreground))}.text-card-foreground{color:hsl(var(--card-foreground))}.text-background{color:hsl(var(--background))}.text-popover-foreground{color:hsl(var(--popover-foreground))}.text-yellow-500{--tw-text-opacity:1;color:rgb(236 201 75/var(--tw-text-opacity))}.text-green-500{--tw-text-opacity:1;color:rgb(72 187 120/var(--tw-text-opacity))}.text-red-500{--tw-text-opacity:1;color:rgb(245 101 101/var(--tw-text-opacity))}.text-common-bright{--tw-text-opacity:1;color:rgb(225 225 225/var(--tw-text-opacity))}.text-foreground\\/80{color:hsl(var(--foreground)/.8)}.\\!text-highlight{color:hsl(var(--highlight))!important}.\\!text-white{--tw-text-opacity:1!important;color:rgb(255 255 255/var(--tw-text-opacity))!important}.\\!text-\\[\\#348cfd\\]{--tw-text-opacity:1!important;color:rgb(52 140 253/var(--tw-text-opacity))!important}.text-foreground\\/50{color:hsl(var(--foreground)/.5)}.text-\\[\\#C8C8C8\\]{--tw-text-opacity:1;color:rgb(200 200 200/var(--tw-text-opacity))}.text-\\[\\#9A9A9A\\]{--tw-text-opacity:1;color:rgb(154 154 154/var(--tw-text-opacity))}.text-primary-foreground\\/80{color:#f8f8f8cc}.text-red-700{--tw-text-opacity:1;color:rgb(197 48 48/var(--tw-text-opacity))}.overline{text-decoration-line:overline}.underline-offset-4{text-underline-offset:4px}.placeholder-inputfield-placeholder::-webkit-input-placeholder{--tw-placeholder-opacity:1;color:rgb(57 56 63/var(--tw-placeholder-opacity))}.placeholder-inputfield-placeholder::-moz-placeholder{--tw-placeholder-opacity:1;color:rgb(57 56 63/var(--tw-placeholder-opacity))}.placeholder-inputfield-placeholder:-ms-input-placeholder{--tw-placeholder-opacity:1;color:rgb(57 56 63/var(--tw-placeholder-opacity))}.placeholder-inputfield-placeholder::-ms-input-placeholder{--tw-placeholder-opacity:1;color:rgb(57 56 63/var(--tw-placeholder-opacity))}.placeholder-inputfield-placeholder::placeholder{--tw-placeholder-opacity:1;color:rgb(57 56 63/var(--tw-placeholder-opacity))}.caret-accent-foreground{caret-color:hsl(var(--accent-foreground))}.opacity-100{opacity:1}.opacity-50{opacity:.5}.opacity-0{opacity:0}.opacity-\\[0\\.70\\]{opacity:.7}.\\!opacity-40{opacity:.4!important}.opacity-60{opacity:.6}.opacity-70{opacity:.7}.opacity-40{opacity:.4}.opacity-80{opacity:.8}.shadow-none{--tw-shadow:0 0 #0000;--tw-shadow-colored:0 0 #0000}.shadow-md,.shadow-none{-webkit-box-shadow:var(--tw-ring-offset-shadow,0 0 #0000),var(--tw-ring-shadow,0 0 #0000),var(--tw-shadow);box-shadow:var(--tw-ring-offset-shadow,0 0 #0000),var(--tw-ring-shadow,0 0 #0000),var(--tw-shadow)}.shadow-md{--tw-shadow:0 4px 6px -1px #0000001a,0 2px 4px -1px #0000000f;--tw-shadow-colored:0 4px 6px -1px var(--tw-shadow-color),0 2px 4px -1px var(--tw-shadow-color)}.shadow{--tw-shadow:0 1px 3px 0 #0000001a,0 1px 2px 0 #0000000f;--tw-shadow-colored:0 1px 3px 0 var(--tw-shadow-color),0 1px 2px 0 var(--tw-shadow-color)}.shadow,.shadow-lg{-webkit-box-shadow:var(--tw-ring-offset-shadow,0 0 #0000),var(--tw-ring-shadow,0 0 #0000),var(--tw-shadow);box-shadow:var(--tw-ring-offset-shadow,0 0 #0000),var(--tw-ring-shadow,0 0 #0000),var(--tw-shadow)}.shadow-lg{--tw-shadow:0 10px 15px -3px #0000001a,0 4px 6px -2px #0000000d;--tw-shadow-colored:0 10px 15px -3px var(--tw-shadow-color),0 4px 6px -2px var(--tw-shadow-color)}.shadow-sm{--tw-shadow:0 1px 2px 0 #0000000d;--tw-shadow-colored:0 1px 2px 0 var(--tw-shadow-color);-webkit-box-shadow:var(--tw-ring-offset-shadow,0 0 #0000),var(--tw-ring-shadow,0 0 #0000),var(--tw-shadow);box-shadow:var(--tw-ring-offset-shadow,0 0 #0000),var(--tw-ring-shadow,0 0 #0000),var(--tw-shadow)}.outline-none{outline:2px solid #0000;outline-offset:2px}.\\!outline-none{outline:2px solid #0000!important;outline-offset:2px!important}.outline{outline-style:solid}.ring-0{--tw-ring-offset-shadow:var(--tw-ring-inset) 0 0 0 var(--tw-ring-offset-width) var(--tw-ring-offset-color);--tw-ring-shadow:var(--tw-ring-inset) 0 0 0 calc(var(--tw-ring-offset-width)) var(--tw-ring-color);-webkit-box-shadow:var(--tw-ring-offset-shadow),var(--tw-ring-shadow),var(--tw-shadow,0 0 #0000);box-shadow:var(--tw-ring-offset-shadow),var(--tw-ring-shadow),var(--tw-shadow,0 0 #0000)}.ring-offset-background{--tw-ring-offset-color:hsl(var(--background))}.blur{--tw-blur:blur(8px)}.blur,.drop-shadow-md{-webkit-filter:var(--tw-blur) var(--tw-brightness) var(--tw-contrast) var(--tw-grayscale) var(--tw-hue-rotate) var(--tw-invert) var(--tw-saturate) var(--tw-sepia) var(--tw-drop-shadow);filter:var(--tw-blur) var(--tw-brightness) var(--tw-contrast) var(--tw-grayscale) var(--tw-hue-rotate) var(--tw-invert) var(--tw-saturate) var(--tw-sepia) var(--tw-drop-shadow)}.drop-shadow-md{--tw-drop-shadow:drop-shadow(0 4px 3px #00000012) drop-shadow(0 2px 2px #0000000f)}.invert{--tw-invert:invert(100%);-webkit-filter:var(--tw-blur) var(--tw-brightness) var(--tw-contrast) var(--tw-grayscale) var(--tw-hue-rotate) var(--tw-invert) var(--tw-saturate) var(--tw-sepia) var(--tw-drop-shadow);filter:var(--tw-blur) var(--tw-brightness) var(--tw-contrast) var(--tw-grayscale) var(--tw-hue-rotate) var(--tw-invert) var(--tw-saturate) var(--tw-sepia) var(--tw-drop-shadow)}.\\!invert{--tw-invert:invert(100%)!important;-webkit-filter:var(--tw-blur) var(--tw-brightness) var(--tw-contrast) var(--tw-grayscale) var(--tw-hue-rotate) var(--tw-invert) var(--tw-saturate) var(--tw-sepia) var(--tw-drop-shadow)!important;filter:var(--tw-blur) var(--tw-brightness) var(--tw-contrast) var(--tw-grayscale) var(--tw-hue-rotate) var(--tw-invert) var(--tw-saturate) var(--tw-sepia) var(--tw-drop-shadow)!important}.filter{-webkit-filter:var(--tw-blur) var(--tw-brightness) var(--tw-contrast) var(--tw-grayscale) var(--tw-hue-rotate) var(--tw-invert) var(--tw-saturate) var(--tw-sepia) var(--tw-drop-shadow);filter:var(--tw-blur) var(--tw-brightness) var(--tw-contrast) var(--tw-grayscale) var(--tw-hue-rotate) var(--tw-invert) var(--tw-saturate) var(--tw-sepia) var(--tw-drop-shadow)}.transition-opacity{-webkit-transition-property:opacity;transition-property:opacity}.transition-transform{-webkit-transition-property:-webkit-transform;transition-property:-webkit-transform;transition-property:transform;transition-property:transform, -webkit-transform}.transition{-webkit-transition-property:background-color,border-color,color,fill,stroke,opacity,-webkit-box-shadow,-webkit-transform;transition-property:background-color,border-color,color,fill,stroke,opacity,-webkit-box-shadow,-webkit-transform;transition-property:background-color,border-color,color,fill,stroke,opacity,box-shadow,transform;transition-property:background-color,border-color,color,fill,stroke,opacity,box-shadow,transform,-webkit-box-shadow,-webkit-transform}.transition-colors{-webkit-transition-property:background-color,border-color,color,fill,stroke;transition-property:background-color,border-color,color,fill,stroke}.\\!transition{-webkit-transition-property:background-color,border-color,color,fill,stroke,opacity,-webkit-box-shadow,-webkit-transform!important;transition-property:background-color,border-color,color,fill,stroke,opacity,-webkit-box-shadow,-webkit-transform!important;transition-property:background-color,border-color,color,fill,stroke,opacity,box-shadow,transform!important;transition-property:background-color,border-color,color,fill,stroke,opacity,box-shadow,transform,-webkit-box-shadow,-webkit-transform!important}.transition-\\[max-height\\]{-webkit-transition-property:max-height;transition-property:max-height}.transition-all{-webkit-transition-property:all;transition-property:all}.duration-200{-webkit-transition-duration:.2s;transition-duration:.2s}.duration-300{-webkit-transition-duration:.3s;transition-duration:.3s}.\\!duration-300{-webkit-transition-duration:.3s!important;transition-duration:.3s!important}.duration-1000{-webkit-transition-duration:1s;transition-duration:1s}.duration-150{-webkit-transition-duration:.15s;transition-duration:.15s}.ease-in{-webkit-transition-timing-function:cubic-bezier(.4,0,1,1);transition-timing-function:cubic-bezier(.4,0,1,1)}.ease-out{-webkit-transition-timing-function:cubic-bezier(0,0,.2,1);transition-timing-function:cubic-bezier(0,0,.2,1)}.ease-in-out{-webkit-transition-timing-function:cubic-bezier(.4,0,.2,1);transition-timing-function:cubic-bezier(.4,0,.2,1)}.\\!ease-in-out{-webkit-transition-timing-function:cubic-bezier(.4,0,.2,1)!important;transition-timing-function:cubic-bezier(.4,0,.2,1)!important}@-webkit-keyframes enter{0%{opacity:var(--tw-enter-opacity,1);-webkit-transform:translate3d(var(--tw-enter-translate-x,0),var(--tw-enter-translate-y,0),0) scale3d(var(--tw-enter-scale,1),var(--tw-enter-scale,1),var(--tw-enter-scale,1)) rotate(var(--tw-enter-rotate,0));transform:translate3d(var(--tw-enter-translate-x,0),var(--tw-enter-translate-y,0),0) scale3d(var(--tw-enter-scale,1),var(--tw-enter-scale,1),var(--tw-enter-scale,1)) rotate(var(--tw-enter-rotate,0))}}@keyframes enter{0%{opacity:var(--tw-enter-opacity,1);-webkit-transform:translate3d(var(--tw-enter-translate-x,0),var(--tw-enter-translate-y,0),0) scale3d(var(--tw-enter-scale,1),var(--tw-enter-scale,1),var(--tw-enter-scale,1)) rotate(var(--tw-enter-rotate,0));transform:translate3d(var(--tw-enter-translate-x,0),var(--tw-enter-translate-y,0),0) scale3d(var(--tw-enter-scale,1),var(--tw-enter-scale,1),var(--tw-enter-scale,1)) rotate(var(--tw-enter-rotate,0))}}@-webkit-keyframes exit{to{opacity:var(--tw-exit-opacity,1);-webkit-transform:translate3d(var(--tw-exit-translate-x,0),var(--tw-exit-translate-y,0),0) scale3d(var(--tw-exit-scale,1),var(--tw-exit-scale,1),var(--tw-exit-scale,1)) rotate(var(--tw-exit-rotate,0));transform:translate3d(var(--tw-exit-translate-x,0),var(--tw-exit-translate-y,0),0) scale3d(var(--tw-exit-scale,1),var(--tw-exit-scale,1),var(--tw-exit-scale,1)) rotate(var(--tw-exit-rotate,0))}}@keyframes exit{to{opacity:var(--tw-exit-opacity,1);-webkit-transform:translate3d(var(--tw-exit-translate-x,0),var(--tw-exit-translate-y,0),0) scale3d(var(--tw-exit-scale,1),var(--tw-exit-scale,1),var(--tw-exit-scale,1)) rotate(var(--tw-exit-rotate,0));transform:translate3d(var(--tw-exit-translate-x,0),var(--tw-exit-translate-y,0),0) scale3d(var(--tw-exit-scale,1),var(--tw-exit-scale,1),var(--tw-exit-scale,1)) rotate(var(--tw-exit-rotate,0))}}.animate-in{--tw-enter-opacity:initial;--tw-enter-scale:initial;--tw-enter-rotate:initial;--tw-enter-translate-x:initial;--tw-enter-translate-y:initial;-webkit-animation-name:enter;animation-name:enter}.fade-in-0{--tw-enter-opacity:0}.zoom-in-95{--tw-enter-scale:.95}.duration-200{-webkit-animation-duration:.2s;animation-duration:.2s}.duration-300{-webkit-animation-duration:.3s;animation-duration:.3s}.\\!duration-300{-webkit-animation-duration:.3s!important;animation-duration:.3s!important}.duration-1000{-webkit-animation-duration:1s;animation-duration:1s}.duration-150{-webkit-animation-duration:.15s;animation-duration:.15s}.ease-in{-webkit-animation-timing-function:cubic-bezier(.4,0,1,1);animation-timing-function:cubic-bezier(.4,0,1,1)}.ease-out{-webkit-animation-timing-function:cubic-bezier(0,0,.2,1);animation-timing-function:cubic-bezier(0,0,.2,1)}.ease-in-out{-webkit-animation-timing-function:cubic-bezier(.4,0,.2,1);animation-timing-function:cubic-bezier(.4,0,.2,1)}.\\!ease-in-out{-webkit-animation-timing-function:cubic-bezier(.4,0,.2,1)!important;animation-timing-function:cubic-bezier(.4,0,.2,1)!important}.running{-webkit-animation-play-state:running;animation-play-state:running}.paused{-webkit-animation-play-state:paused;animation-play-state:paused}.\\[overflow\\:hidden\\]{overflow:hidden}.\\[display\\:-webkit-box\\]{display:-webkit-box}.\\[-webkit-line-clamp\\:2\\]{-webkit-line-clamp:2}.\\[-webkit-box-orient\\:vertical\\]{-webkit-box-orient:vertical}h2.section-header{font-size:1.5rem;font-weight:400;padding-bottom:1rem;padding-top:1rem}h2.section-header,h3.section-header{--tw-text-opacity:1;color:rgb(255 255 255/var(--tw-text-opacity))}h3.section-header{font-size:1rem;padding-bottom:.75rem;padding-top:.75rem}.row{border-radius:calc(var(--radius) - 2px);border-width:1px;display:-webkit-box;display:-ms-flexbox;display:flex;-webkit-box-orient:horizontal;-webkit-box-direction:normal;-ms-flex-direction:row;flex-direction:row;-ms-flex-wrap:wrap;flex-wrap:wrap;margin-bottom:1.5rem;padding-bottom:2.5rem;padding-top:2.5rem}.example{-webkit-box-flex:0;-ms-flex:0 1 auto;flex:0 1 auto;padding-left:1.5rem;padding-right:1.5rem}.example2{-webkit-box-flex:0;-ms-flex:0 1 auto;flex:0 1 auto;padding-left:1rem;padding-right:1rem}.TooltipContent[data-side=bottom]{-webkit-animation-name:slideDown;animation-name:slideDown}input[type=number]::-webkit-inner-spin-button,input[type=number]::-webkit-outer-spin-button{-webkit-appearance:none;appearance:none}input[type=number]{-moz-appearance:textfield}.ohif-disabled{cursor:not-allowed;opacity:.5;pointer-events:none;-webkit-user-select:none;   -moz-user-select:none;    -ms-user-select:none;        user-select:none}.file\\:border-0::-webkit-file-upload-button{border-width:0}.file\\:border-0::file-selector-button{border-width:0}.file\\:bg-transparent::-webkit-file-upload-button{background-color:initial}.file\\:bg-transparent::file-selector-button{background-color:initial}.file\\:text-base::-webkit-file-upload-button{font-size:.8125rem}.file\\:text-base::file-selector-button{font-size:.8125rem}.file\\:font-medium::-webkit-file-upload-button{font-weight:500}.file\\:font-medium::file-selector-button{font-weight:500}.placeholder\\:text-inputfield-placeholder::-webkit-input-placeholder{--tw-text-opacity:1;color:rgb(57 56 63/var(--tw-text-opacity))}.placeholder\\:text-inputfield-placeholder::-moz-placeholder{--tw-text-opacity:1;color:rgb(57 56 63/var(--tw-text-opacity))}.placeholder\\:text-inputfield-placeholder:-ms-input-placeholder{--tw-text-opacity:1;color:rgb(57 56 63/var(--tw-text-opacity))}.placeholder\\:text-inputfield-placeholder::-ms-input-placeholder{--tw-text-opacity:1;color:rgb(57 56 63/var(--tw-text-opacity))}.placeholder\\:text-inputfield-placeholder::placeholder{--tw-text-opacity:1;color:rgb(57 56 63/var(--tw-text-opacity))}.placeholder\\:text-muted-foreground::-webkit-input-placeholder{color:hsl(var(--muted-foreground))}.placeholder\\:text-muted-foreground::-moz-placeholder{color:hsl(var(--muted-foreground))}.placeholder\\:text-muted-foreground:-ms-input-placeholder{color:hsl(var(--muted-foreground))}.placeholder\\:text-muted-foreground::-ms-input-placeholder{color:hsl(var(--muted-foreground))}.placeholder\\:text-muted-foreground::placeholder{color:hsl(var(--muted-foreground))}.after\\:absolute:after{content:var(--tw-content);position:absolute}.after\\:inset-y-0:after{bottom:0;content:var(--tw-content);top:0}.after\\:left-1\\/2:after{content:var(--tw-content);left:50%}.after\\:w-1:after{content:var(--tw-content);width:.25rem}.after\\:-translate-x-1\\/2:after{--tw-translate-x:-50%;content:var(--tw-content);-webkit-transform:translate(var(--tw-translate-x),var(--tw-translate-y)) rotate(var(--tw-rotate)) skewX(var(--tw-skew-x)) skewY(var(--tw-skew-y)) scaleX(var(--tw-scale-x)) scaleY(var(--tw-scale-y));transform:translate(var(--tw-translate-x),var(--tw-translate-y)) rotate(var(--tw-rotate)) skewX(var(--tw-skew-x)) skewY(var(--tw-skew-y)) scaleX(var(--tw-scale-x)) scaleY(var(--tw-scale-y))}.first\\:rounded-t:first-child{border-top-left-radius:.25rem;border-top-right-radius:.25rem}.first\\:rounded-t-md:first-child{border-top-left-radius:calc(var(--radius) - 2px);border-top-right-radius:calc(var(--radius) - 2px)}.first\\:rounded-t-lg:first-child{border-top-left-radius:var(--radius);border-top-right-radius:var(--radius)}.first\\:rounded-t-full:first-child{border-top-left-radius:9999px;border-top-right-radius:9999px}.first\\:rounded-l:first-child{border-bottom-left-radius:.25rem;border-top-left-radius:.25rem}.first\\:rounded-l-md:first-child{border-bottom-left-radius:calc(var(--radius) - 2px);border-top-left-radius:calc(var(--radius) - 2px)}.first\\:rounded-l-lg:first-child{border-bottom-left-radius:var(--radius);border-top-left-radius:var(--radius)}.first\\:rounded-l-full:first-child{border-bottom-left-radius:9999px;border-top-left-radius:9999px}.first\\:rounded-l-sm:first-child{border-bottom-left-radius:calc(var(--radius) - 4px);border-top-left-radius:calc(var(--radius) - 4px)}.first\\:pl-12:first-child{padding-left:3rem}.last\\:mr-0:last-child{margin-right:0}.last\\:rounded-b:last-child{border-bottom-left-radius:.25rem;border-bottom-right-radius:.25rem}.last\\:rounded-b-md:last-child{border-bottom-left-radius:calc(var(--radius) - 2px);border-bottom-right-radius:calc(var(--radius) - 2px)}.last\\:rounded-b-lg:last-child{border-bottom-left-radius:var(--radius);border-bottom-right-radius:var(--radius)}.last\\:rounded-b-full:last-child{border-bottom-left-radius:9999px;border-bottom-right-radius:9999px}.last\\:rounded-r:last-child{border-bottom-right-radius:.25rem;border-top-right-radius:.25rem}.last\\:rounded-r-md:last-child{border-bottom-right-radius:calc(var(--radius) - 2px);border-top-right-radius:calc(var(--radius) - 2px)}.last\\:rounded-r-lg:last-child{border-bottom-right-radius:var(--radius);border-top-right-radius:var(--radius)}.last\\:rounded-r-full:last-child{border-bottom-right-radius:9999px;border-top-right-radius:9999px}.last\\:rounded-r-sm:last-child{border-bottom-right-radius:calc(var(--radius) - 4px);border-top-right-radius:calc(var(--radius) - 4px)}.last\\:border-b-0:last-child{border-bottom-width:0}.last\\:border-r-0:last-child{border-right-width:0}.last\\:border-b:last-child{border-bottom-width:1px}.last\\:border-r:last-child{border-right-width:1px}.last\\:border-l-0:last-child{border-left-width:0}.focus-within\\:relative:focus-within{position:relative}.focus-within\\:z-20:focus-within{z-index:20}.hover\\:cursor-pointer:hover{cursor:pointer}.hover\\:rounded:hover{border-radius:.25rem}.hover\\:border-primary-light:hover{--tw-border-opacity:1;border-color:rgb(208 208 208/var(--tw-border-opacity))}.hover\\:border-highlight:hover{border-color:hsl(var(--highlight))}.hover\\:border-black:hover{--tw-border-opacity:1;border-color:rgb(0 0 0/var(--tw-border-opacity))}.hover\\:border-secondary-light:hover{--tw-border-opacity:1;border-color:rgb(42 42 42/var(--tw-border-opacity))}.hover\\:\\!bg-primary-dark:hover{--tw-bg-opacity:1!important;background-color:rgb(0 0 0/var(--tw-bg-opacity))!important}.hover\\:bg-primary\\/25:hover{background-color:#99999940}.hover\\:\\!bg-primary\\/30:hover{background-color:#9999994d!important}.hover\\:bg-transparent:hover{background-color:initial}.hover\\:bg-muted:hover{background-color:hsl(var(--muted))}.hover\\:bg-secondary-main:hover{--tw-bg-opacity:1;background-color:rgb(31 31 31/var(--tw-bg-opacity))}.hover\\:bg-primary-dark:hover{--tw-bg-opacity:1;background-color:rgb(0 0 0/var(--tw-bg-opacity))}.hover\\:bg-blue-600:hover{--tw-bg-opacity:1;background-color:rgb(49 130 206/var(--tw-bg-opacity))}.hover\\:bg-accent:hover{background-color:hsl(var(--accent))}.hover\\:bg-customblue-50:hover,.hover\\:bg-customblue-80:hover{--tw-bg-opacity:1;background-color:rgb(212 81 22/var(--tw-bg-opacity))}.hover\\:bg-primary-light:hover{--tw-bg-opacity:1;background-color:rgb(208 208 208/var(--tw-bg-opacity))}.hover\\:bg-primary-main:hover{--tw-bg-opacity:1;background-color:rgb(31 31 32/var(--tw-bg-opacity))}.hover\\:bg-secondary-light:hover{--tw-bg-opacity:1;background-color:rgb(42 42 42/var(--tw-bg-opacity))}.hover\\:bg-white:hover{--tw-bg-opacity:1;background-color:rgb(255 255 255/var(--tw-bg-opacity))}.hover\\:bg-black:hover{--tw-bg-opacity:1;background-color:rgb(0 0 0/var(--tw-bg-opacity))}.hover\\:bg-primary\\/100:hover{background-color:#999}.hover\\:bg-destructive\\/90:hover{background-color:hsl(var(--destructive)/.9)}.hover\\:bg-primary\\/60:hover{background-color:#9999}.hover\\:bg-primary\\/80:hover{background-color:#999c}.hover\\:bg-primary\\/20:hover{background-color:#9993}.hover\\:bg-primary\\/10:hover{background-color:#9999991a}.hover\\:bg-background:hover{background-color:hsl(var(--background))}.hover\\:bg-\\[\\#2A2A2A\\]:hover{--tw-bg-opacity:1;background-color:rgb(42 42 42/var(--tw-bg-opacity))}.hover\\:bg-primary\\/30:hover{background-color:#9999994d}.hover\\:bg-gray-200:hover{--tw-bg-opacity:1;background-color:rgb(237 242 247/var(--tw-bg-opacity))}.hover\\:\\!text-primary-light:hover{--tw-text-opacity:1!important;color:rgb(208 208 208/var(--tw-text-opacity))!important}.hover\\:text-primary:hover{color:#999}.hover\\:text-highlight:hover{color:hsl(var(--highlight))}.hover\\:text-white:hover{--tw-text-opacity:1;color:rgb(255 255 255/var(--tw-text-opacity))}.hover\\:text-black:hover{--tw-text-opacity:1;color:rgb(0 0 0/var(--tw-text-opacity))}.hover\\:text-primary-light:hover{--tw-text-opacity:1;color:rgb(208 208 208/var(--tw-text-opacity))}.hover\\:text-primary-foreground:hover{--tw-text-opacity:1;color:rgb(248 248 248/var(--tw-text-opacity))}.hover\\:underline:hover{text-decoration-line:underline}.hover\\:opacity-80:hover{opacity:.8}.hover\\:opacity-100:hover{opacity:1}.focus\\:border-none:focus{border-style:none}.focus\\:border-inputfield-focus:focus{--tw-border-opacity:1;border-color:rgb(90 204 230/var(--tw-border-opacity))}.focus\\:border-black:focus{--tw-border-opacity:1;border-color:rgb(0 0 0/var(--tw-border-opacity))}.focus\\:border-inputfield-main:focus{border-color:#532222}.focus\\:bg-primary-light:focus{--tw-bg-opacity:1;background-color:rgb(208 208 208/var(--tw-bg-opacity))}.focus\\:bg-primary-main:focus{--tw-bg-opacity:1;background-color:rgb(31 31 32/var(--tw-bg-opacity))}.focus\\:bg-secondary-light:focus{--tw-bg-opacity:1;background-color:rgb(42 42 42/var(--tw-bg-opacity))}.focus\\:bg-white:focus{--tw-bg-opacity:1;background-color:rgb(255 255 255/var(--tw-bg-opacity))}.focus\\:bg-black:focus{--tw-bg-opacity:1;background-color:rgb(0 0 0/var(--tw-bg-opacity))}.focus\\:bg-primary\\/80:focus{background-color:#999c}.focus\\:bg-accent:focus{background-color:hsl(var(--accent))}.focus\\:text-white:focus{--tw-text-opacity:1;color:rgb(255 255 255/var(--tw-text-opacity))}.focus\\:text-black:focus{--tw-text-opacity:1;color:rgb(0 0 0/var(--tw-text-opacity))}.focus\\:text-primary-foreground:focus{--tw-text-opacity:1;color:rgb(248 248 248/var(--tw-text-opacity))}.focus\\:text-accent-foreground:focus{color:hsl(var(--accent-foreground))}.focus\\:opacity-80:focus{opacity:.8}.focus\\:outline-none:focus{outline:2px solid #0000;outline-offset:2px}.focus\\:ring-2:focus{--tw-ring-offset-shadow:var(--tw-ring-inset) 0 0 0 var(--tw-ring-offset-width) var(--tw-ring-offset-color);--tw-ring-shadow:var(--tw-ring-inset) 0 0 0 calc(2px + var(--tw-ring-offset-width)) var(--tw-ring-color)}.focus\\:ring-1:focus,.focus\\:ring-2:focus{-webkit-box-shadow:var(--tw-ring-offset-shadow),var(--tw-ring-shadow),var(--tw-shadow,0 0 #0000);box-shadow:var(--tw-ring-offset-shadow),var(--tw-ring-shadow),var(--tw-shadow,0 0 #0000)}.focus\\:ring-1:focus{--tw-ring-offset-shadow:var(--tw-ring-inset) 0 0 0 var(--tw-ring-offset-width) var(--tw-ring-offset-color);--tw-ring-shadow:var(--tw-ring-inset) 0 0 0 calc(1px + var(--tw-ring-offset-width)) var(--tw-ring-color)}.focus\\:ring-ring:focus{--tw-ring-color:hsl(var(--ring))}.focus\\:ring-offset-2:focus{--tw-ring-offset-width:2px}.focus-visible\\:outline-none:focus-visible{outline:2px solid #0000;outline-offset:2px}.focus-visible\\:ring-1:focus-visible{--tw-ring-offset-shadow:var(--tw-ring-inset) 0 0 0 var(--tw-ring-offset-width) var(--tw-ring-offset-color);--tw-ring-shadow:var(--tw-ring-inset) 0 0 0 calc(1px + var(--tw-ring-offset-width)) var(--tw-ring-color)}.focus-visible\\:ring-1:focus-visible,.focus-visible\\:ring-2:focus-visible{-webkit-box-shadow:var(--tw-ring-offset-shadow),var(--tw-ring-shadow),var(--tw-shadow,0 0 #0000);box-shadow:var(--tw-ring-offset-shadow),var(--tw-ring-shadow),var(--tw-shadow,0 0 #0000)}.focus-visible\\:ring-2:focus-visible{--tw-ring-offset-shadow:var(--tw-ring-inset) 0 0 0 var(--tw-ring-offset-width) var(--tw-ring-offset-color);--tw-ring-shadow:var(--tw-ring-inset) 0 0 0 calc(2px + var(--tw-ring-offset-width)) var(--tw-ring-color)}.focus-visible\\:ring-ring:focus-visible{--tw-ring-color:hsl(var(--ring))}.focus-visible\\:ring-offset-1:focus-visible{--tw-ring-offset-width:1px}.focus-visible\\:ring-offset-2:focus-visible{--tw-ring-offset-width:2px}.focus-visible\\:ring-offset-background:focus-visible{--tw-ring-offset-color:hsl(var(--background))}.active\\:border-white:active{--tw-border-opacity:1;border-color:rgb(255 255 255/var(--tw-border-opacity))}.active\\:bg-secondary-dark:active{--tw-bg-opacity:1;background-color:rgb(37 37 37/var(--tw-bg-opacity))}.active\\:bg-customblue-40:active{--tw-bg-opacity:1;background-color:rgb(212 81 22/var(--tw-bg-opacity))}.active\\:bg-customblue-20:active{--tw-bg-opacity:1;background-color:rgb(70 70 70/var(--tw-bg-opacity))}.active\\:text-muted-foreground:active{color:hsl(var(--muted-foreground))}.active\\:text-foreground:active{color:hsl(var(--foreground))}.active\\:opacity-80:active{opacity:.8}.active\\:opacity-100:active{opacity:1}.disabled\\:pointer-events-none:disabled{pointer-events:none}.disabled\\:cursor-not-allowed:disabled{cursor:not-allowed}.disabled\\:border-inputfield-disabled:disabled{border-color:#c9c2df}.disabled\\:opacity-50:disabled{opacity:.5}.group:hover .group-hover\\:visible,.group\\/pane:hover .group-hover\\/pane\\:visible{visibility:visible}.group:hover .group-hover\\:block{display:block}.group:hover .group-hover\\:inline-flex{display:-webkit-inline-box;display:-ms-inline-flexbox;display:inline-flex}.group:hover .group-hover\\:hidden{display:none}.group:hover .group-hover\\:cursor-pointer{cursor:pointer}.group:hover .group-hover\\:border-black{--tw-border-opacity:1;border-color:rgb(0 0 0/var(--tw-border-opacity))}.group\\/pane:hover .group-hover\\/pane\\:border-highlight\\/50{border-color:hsl(var(--highlight)/.5)}.group:hover .group-hover\\:bg-primary-main{--tw-bg-opacity:1;background-color:rgb(31 31 32/var(--tw-bg-opacity))}.group:hover .group-hover\\:bg-secondary-dark{--tw-bg-opacity:1;background-color:rgb(37 37 37/var(--tw-bg-opacity))}.group:hover .group-hover\\:text-primary{color:#999}.group:hover .group-hover\\:opacity-100{opacity:1}.peer:disabled~.peer-disabled\\:cursor-not-allowed{cursor:not-allowed}.peer:disabled~.peer-disabled\\:opacity-70{opacity:.7}.aria-selected\\:bg-accent\\/50[aria-selected=true]{background-color:hsl(var(--accent)/.5)}.aria-selected\\:bg-accent[aria-selected=true]{background-color:hsl(var(--accent))}.aria-selected\\:bg-primary\\/30[aria-selected=true]{background-color:#9999994d}.aria-selected\\:text-muted-foreground[aria-selected=true]{color:hsl(var(--muted-foreground))}.aria-selected\\:text-accent-foreground[aria-selected=true]{color:hsl(var(--accent-foreground))}.aria-selected\\:opacity-100[aria-selected=true]{opacity:1}.aria-selected\\:opacity-30[aria-selected=true]{opacity:.3}.data-\\[disabled\\=true\\]\\:pointer-events-none[data-disabled=true],.data-\\[disabled\\]\\:pointer-events-none[data-disabled]{pointer-events:none}.data-\\[state\\=open\\]\\:inline-flex[data-state=open]{display:-webkit-inline-box;display:-ms-inline-flexbox;display:inline-flex}.data-\\[panel-group-direction\\=vertical\\]\\:h-px[data-panel-group-direction=vertical]{height:1px}.data-\\[panel-group-direction\\=vertical\\]\\:w-full[data-panel-group-direction=vertical]{width:100%}.data-\\[side\\=bottom\\]\\:translate-y-1[data-side=bottom]{--tw-translate-y:0.25rem}.data-\\[side\\=bottom\\]\\:translate-y-1[data-side=bottom],.data-\\[side\\=left\\]\\:-translate-x-1[data-side=left]{-webkit-transform:translate(var(--tw-translate-x),var(--tw-translate-y)) rotate(var(--tw-rotate)) skewX(var(--tw-skew-x)) skewY(var(--tw-skew-y)) scaleX(var(--tw-scale-x)) scaleY(var(--tw-scale-y));transform:translate(var(--tw-translate-x),var(--tw-translate-y)) rotate(var(--tw-rotate)) skewX(var(--tw-skew-x)) skewY(var(--tw-skew-y)) scaleX(var(--tw-scale-x)) scaleY(var(--tw-scale-y))}.data-\\[side\\=left\\]\\:-translate-x-1[data-side=left]{--tw-translate-x:-0.25rem}.data-\\[side\\=right\\]\\:translate-x-1[data-side=right]{--tw-translate-x:0.25rem}.data-\\[side\\=right\\]\\:translate-x-1[data-side=right],.data-\\[side\\=top\\]\\:-translate-y-1[data-side=top]{-webkit-transform:translate(var(--tw-translate-x),var(--tw-translate-y)) rotate(var(--tw-rotate)) skewX(var(--tw-skew-x)) skewY(var(--tw-skew-y)) scaleX(var(--tw-scale-x)) scaleY(var(--tw-scale-y));transform:translate(var(--tw-translate-x),var(--tw-translate-y)) rotate(var(--tw-rotate)) skewX(var(--tw-skew-x)) skewY(var(--tw-skew-y)) scaleX(var(--tw-scale-x)) scaleY(var(--tw-scale-y))}.data-\\[side\\=top\\]\\:-translate-y-1[data-side=top]{--tw-translate-y:-0.25rem}.data-\\[state\\=checked\\]\\:translate-x-3[data-state=checked]{--tw-translate-x:0.75rem}.data-\\[state\\=checked\\]\\:translate-x-3[data-state=checked],.data-\\[state\\=unchecked\\]\\:translate-x-0[data-state=unchecked]{-webkit-transform:translate(var(--tw-translate-x),var(--tw-translate-y)) rotate(var(--tw-rotate)) skewX(var(--tw-skew-x)) skewY(var(--tw-skew-y)) scaleX(var(--tw-scale-x)) scaleY(var(--tw-scale-y));transform:translate(var(--tw-translate-x),var(--tw-translate-y)) rotate(var(--tw-rotate)) skewX(var(--tw-skew-x)) skewY(var(--tw-skew-y)) scaleX(var(--tw-scale-x)) scaleY(var(--tw-scale-y))}.data-\\[state\\=unchecked\\]\\:translate-x-0[data-state=unchecked]{--tw-translate-x:0px}@-webkit-keyframes accordion-up{0%{height:var(--radix-accordion-content-height)}to{height:0}}@keyframes accordion-up{0%{height:var(--radix-accordion-content-height)}to{height:0}}.data-\\[state\\=closed\\]\\:animate-accordion-up[data-state=closed]{-webkit-animation:accordion-up .2s ease-out;animation:accordion-up .2s ease-out}@-webkit-keyframes accordion-down{0%{height:0}to{height:var(--radix-accordion-content-height)}}@keyframes accordion-down{0%{height:0}to{height:var(--radix-accordion-content-height)}}.data-\\[state\\=open\\]\\:animate-accordion-down[data-state=open]{-webkit-animation:accordion-down .2s ease-out;animation:accordion-down .2s ease-out}.data-\\[panel-group-direction\\=vertical\\]\\:flex-col[data-panel-group-direction=vertical]{-webkit-box-orient:vertical;-webkit-box-direction:normal;-ms-flex-direction:column;flex-direction:column}.data-\\[state\\=checked\\]\\:bg-blue-500[data-state=checked]{--tw-bg-opacity:1;background-color:rgb(66 153 225/var(--tw-bg-opacity))}.data-\\[state\\=checked\\]\\:bg-primary[data-state=checked]{background-color:#999}.data-\\[state\\=open\\]\\:bg-accent[data-state=open]{background-color:hsl(var(--accent))}.data-\\[state\\=active\\]\\:bg-primary\\/30[data-state=active],.data-\\[state\\=unchecked\\]\\:bg-primary\\/30[data-state=unchecked]{background-color:#9999994d}.data-\\[state\\=on\\]\\:bg-primary\\/20[data-state=on]{background-color:#9993}.data-\\[state\\=checked\\]\\:text-primary-foreground[data-state=checked]{--tw-text-opacity:1;color:rgb(248 248 248/var(--tw-text-opacity))}.data-\\[state\\=open\\]\\:text-accent-foreground[data-state=open]{color:hsl(var(--accent-foreground))}.data-\\[state\\=open\\]\\:text-muted-foreground[data-state=open]{color:hsl(var(--muted-foreground))}.data-\\[state\\=on\\]\\:text-highlight[data-state=on]{color:hsl(var(--highlight))}.data-\\[disabled\\=true\\]\\:opacity-50[data-disabled=true],.data-\\[disabled\\]\\:opacity-50[data-disabled]{opacity:.5}.data-\\[state\\=active\\]\\:shadow[data-state=active]{--tw-shadow:0 1px 3px 0 #0000001a,0 1px 2px 0 #0000000f;--tw-shadow-colored:0 1px 3px 0 var(--tw-shadow-color),0 1px 2px 0 var(--tw-shadow-color);-webkit-box-shadow:var(--tw-ring-offset-shadow,0 0 #0000),var(--tw-ring-shadow,0 0 #0000),var(--tw-shadow);box-shadow:var(--tw-ring-offset-shadow,0 0 #0000),var(--tw-ring-shadow,0 0 #0000),var(--tw-shadow)}.data-\\[state\\=open\\]\\:animate-in[data-state=open]{--tw-enter-opacity:initial;--tw-enter-scale:initial;--tw-enter-rotate:initial;--tw-enter-translate-x:initial;--tw-enter-translate-y:initial;-webkit-animation-name:enter;animation-name:enter}.data-\\[state\\=closed\\]\\:animate-out[data-state=closed]{--tw-exit-opacity:initial;--tw-exit-scale:initial;--tw-exit-rotate:initial;--tw-exit-translate-x:initial;--tw-exit-translate-y:initial;-webkit-animation-name:exit;animation-name:exit}.data-\\[state\\=closed\\]\\:fade-out-0[data-state=closed]{--tw-exit-opacity:0}.data-\\[state\\=open\\]\\:fade-in-0[data-state=open]{--tw-enter-opacity:0}.data-\\[state\\=closed\\]\\:zoom-out-95[data-state=closed]{--tw-exit-scale:.95}.data-\\[state\\=open\\]\\:zoom-in-95[data-state=open]{--tw-enter-scale:.95}.data-\\[side\\=bottom\\]\\:slide-in-from-top-2[data-side=bottom]{--tw-enter-translate-y:-0.5rem}.data-\\[side\\=left\\]\\:slide-in-from-right-2[data-side=left]{--tw-enter-translate-x:0.5rem}.data-\\[side\\=right\\]\\:slide-in-from-left-2[data-side=right]{--tw-enter-translate-x:-0.5rem}.data-\\[side\\=top\\]\\:slide-in-from-bottom-2[data-side=top]{--tw-enter-translate-y:0.5rem}.data-\\[state\\=closed\\]\\:slide-out-to-left-1\\/2[data-state=closed]{--tw-exit-translate-x:-50%}.data-\\[state\\=closed\\]\\:slide-out-to-top-\\[48\\%\\][data-state=closed]{--tw-exit-translate-y:-48%}.data-\\[state\\=open\\]\\:slide-in-from-left-1\\/2[data-state=open]{--tw-enter-translate-x:-50%}.data-\\[state\\=open\\]\\:slide-in-from-top-\\[48\\%\\][data-state=open]{--tw-enter-translate-y:-48%}.data-\\[panel-group-direction\\=vertical\\]\\:after\\:left-0[data-panel-group-direction=vertical]:after{content:var(--tw-content);left:0}.data-\\[panel-group-direction\\=vertical\\]\\:after\\:h-1[data-panel-group-direction=vertical]:after{content:var(--tw-content);height:.25rem}.data-\\[panel-group-direction\\=vertical\\]\\:after\\:w-full[data-panel-group-direction=vertical]:after{content:var(--tw-content);width:100%}.data-\\[panel-group-direction\\=vertical\\]\\:after\\:-translate-y-1\\/2[data-panel-group-direction=vertical]:after{--tw-translate-y:-50%;content:var(--tw-content);-webkit-transform:translate(var(--tw-translate-x),var(--tw-translate-y)) rotate(var(--tw-rotate)) skewX(var(--tw-skew-x)) skewY(var(--tw-skew-y)) scaleX(var(--tw-scale-x)) scaleY(var(--tw-scale-y));transform:translate(var(--tw-translate-x),var(--tw-translate-y)) rotate(var(--tw-rotate)) skewX(var(--tw-skew-x)) skewY(var(--tw-skew-y)) scaleX(var(--tw-scale-x)) scaleY(var(--tw-scale-y))}.data-\\[panel-group-direction\\=vertical\\]\\:after\\:translate-x-0[data-panel-group-direction=vertical]:after{--tw-translate-x:0px;content:var(--tw-content);-webkit-transform:translate(var(--tw-translate-x),var(--tw-translate-y)) rotate(var(--tw-rotate)) skewX(var(--tw-skew-x)) skewY(var(--tw-skew-y)) scaleX(var(--tw-scale-x)) scaleY(var(--tw-scale-y));transform:translate(var(--tw-translate-x),var(--tw-translate-y)) rotate(var(--tw-rotate)) skewX(var(--tw-skew-x)) skewY(var(--tw-skew-y)) scaleX(var(--tw-scale-x)) scaleY(var(--tw-scale-y))}.hover\\:data-\\[state\\=unchecked\\]\\:bg-primary\\/40[data-state=unchecked]:hover{background-color:#9996}@media (min-width:640px){.sm\\:w-24{width:6rem}.sm\\:flex-\\[7\\]{-webkit-box-flex:7;-ms-flex:7;flex:7}.sm\\:flex-\\[3\\]{-webkit-box-flex:3;-ms-flex:3;flex:3}.sm\\:flex-row{-webkit-box-orient:horizontal;-webkit-box-direction:normal;-ms-flex-direction:row;flex-direction:row}.sm\\:justify-end{-webkit-box-pack:end;-ms-flex-pack:end;justify-content:flex-end}.sm\\:space-x-4>:not([hidden])~:not([hidden]){--tw-space-x-reverse:0;margin-left:calc(1rem*(1 - var(--tw-space-x-reverse)));margin-right:calc(1rem*var(--tw-space-x-reverse))}.sm\\:space-y-0>:not([hidden])~:not([hidden]){--tw-space-y-reverse:0;margin-bottom:calc(0px*var(--tw-space-y-reverse));margin-top:calc(0px*(1 - var(--tw-space-y-reverse)))}.sm\\:space-x-2>:not([hidden])~:not([hidden]){--tw-space-x-reverse:0;margin-left:calc(.5rem*(1 - var(--tw-space-x-reverse)));margin-right:calc(.5rem*var(--tw-space-x-reverse))}.sm\\:rounded-lg{border-radius:var(--radius)}.sm\\:text-left{text-align:left}}@media (min-width:768px){.md\\:grid-cols-2{grid-template-columns:repeat(2,minmax(0,1fr))}}@media (min-width:1024px){.lg\\:grid-cols-3{grid-template-columns:repeat(3,minmax(0,1fr))}}@media (min-width:1280px){.xl\\:min-w-\\[284px\\]{min-width:284px}.xl\\:max-w-\\[246px\\]{max-width:246px}}.\\[\\&\\[data-state\\=closed\\]\\>svg\\]\\:rotate-90[data-state=closed]>svg{--tw-rotate:90deg;-webkit-transform:translate(var(--tw-translate-x),var(--tw-translate-y)) rotate(var(--tw-rotate)) skewX(var(--tw-skew-x)) skewY(var(--tw-skew-y)) scaleX(var(--tw-scale-x)) scaleY(var(--tw-scale-y));transform:translate(var(--tw-translate-x),var(--tw-translate-y)) rotate(var(--tw-rotate)) skewX(var(--tw-skew-x)) skewY(var(--tw-skew-y)) scaleX(var(--tw-scale-x)) scaleY(var(--tw-scale-y))}.\\[\\&\\:has\\(\\[aria-selected\\]\\.day-range-end\\)\\]\\:rounded-r-md:has([aria-selected].day-range-end){border-bottom-right-radius:calc(var(--radius) - 2px);border-top-right-radius:calc(var(--radius) - 2px)}.\\[\\&\\:has\\(\\[aria-selected\\]\\.day-outside\\)\\]\\:bg-accent\\/50:has([aria-selected].day-outside){background-color:hsl(var(--accent)/.5)}.\\[\\&\\:has\\(\\[aria-selected\\]\\)\\]\\:bg-accent:has([aria-selected]){background-color:hsl(var(--accent))}.first\\:\\[\\&\\:has\\(\\[aria-selected\\]\\)\\]\\:rounded-l-md:has([aria-selected]):first-child{border-bottom-left-radius:calc(var(--radius) - 2px);border-top-left-radius:calc(var(--radius) - 2px)}.last\\:\\[\\&\\:has\\(\\[aria-selected\\]\\)\\]\\:rounded-r-md:has([aria-selected]):last-child{border-bottom-right-radius:calc(var(--radius) - 2px);border-top-right-radius:calc(var(--radius) - 2px)}.\\[\\&_\\[cmdk-group-heading\\]\\]\\:px-2 [cmdk-group-heading]{padding-left:.5rem;padding-right:.5rem}.\\[\\&_\\[cmdk-group-heading\\]\\]\\:py-1\\.5 [cmdk-group-heading]{padding-bottom:.375rem;padding-top:.375rem}.\\[\\&_\\[cmdk-group-heading\\]\\]\\:text-sm [cmdk-group-heading]{font-size:.75rem}.\\[\\&_\\[cmdk-group-heading\\]\\]\\:font-medium [cmdk-group-heading]{font-weight:500}.\\[\\&_\\[cmdk-group-heading\\]\\]\\:text-muted-foreground [cmdk-group-heading]{color:hsl(var(--muted-foreground))}.\\[\\&_\\[cmdk-group\\]\\:not\\(\\[hidden\\]\\)_\\~\\[cmdk-group\\]\\]\\:pt-0 [cmdk-group]:not([hidden])~[cmdk-group]{padding-top:0}.\\[\\&_\\[cmdk-group\\]\\]\\:px-2 [cmdk-group]{padding-left:.5rem;padding-right:.5rem}.\\[\\&_\\[cmdk-input-wrapper\\]_svg\\]\\:h-5 [cmdk-input-wrapper] svg{height:1.25rem}.\\[\\&_\\[cmdk-input-wrapper\\]_svg\\]\\:w-5 [cmdk-input-wrapper] svg{width:1.25rem}.\\[\\&_\\[cmdk-input\\]\\]\\:h-12 [cmdk-input]{height:3rem}.\\[\\&_\\[cmdk-item\\]\\]\\:px-2 [cmdk-item]{padding-left:.5rem;padding-right:.5rem}.\\[\\&_\\[cmdk-item\\]\\]\\:py-3 [cmdk-item]{padding-bottom:.75rem;padding-top:.75rem}.\\[\\&_\\[cmdk-item\\]_svg\\]\\:h-5 [cmdk-item] svg{height:1.25rem}.\\[\\&_\\[cmdk-item\\]_svg\\]\\:w-5 [cmdk-item] svg{width:1.25rem}.\\[\\&\\[data-panel-group-direction\\=vertical\\]\\>div\\]\\:rotate-90[data-panel-group-direction=vertical]>div{--tw-rotate:90deg;-webkit-transform:translate(var(--tw-translate-x),var(--tw-translate-y)) rotate(var(--tw-rotate)) skewX(var(--tw-skew-x)) skewY(var(--tw-skew-y)) scaleX(var(--tw-scale-x)) scaleY(var(--tw-scale-y));transform:translate(var(--tw-translate-x),var(--tw-translate-y)) rotate(var(--tw-rotate)) skewX(var(--tw-skew-x)) skewY(var(--tw-skew-y)) scaleX(var(--tw-scale-x)) scaleY(var(--tw-scale-y))}.\\[\\&\\[data-resize-handle-state\\=\\'drag\\'\\]\\]\\:bg-primary\\/40[data-resize-handle-state=drag],.\\[\\&\\[data-resize-handle-state\\=\\'hover\\'\\]\\]\\:bg-primary\\/40[data-resize-handle-state=hover]{background-color:#9996}.\\[\\&\\>div\\>div\\]\\:\\!block>div>div{display:block!important}.\\[\\&\\>span\\]\\:truncate>span{overflow:hidden;text-overflow:ellipsis;white-space:nowrap}`, "",{"version":3,"sources":["webpack://./../../ui-next/src/assets/fonts.css","webpack://./../../ui-next/src/tailwind.css"],"names":[],"mappings":"AACA,WAIE,iBAAkB,CAHlB,iBAAoB,CACpB,iBAAkB,CAClB,eAAgB,CAEhB,2DAA+C,CAC/C,iKAEF,CAEA,WAIE,iBAAkB,CAHlB,iBAAoB,CACpB,iBAAkB,CAClB,eAAgB,CAEhB,2DAA+C,CAC/C,iKAEF,CAEA,WAIE,iBAAkB,CAHlB,iBAAoB,CACpB,iBAAkB,CAClB,eAAgB,CAEhB,2DAA+C,CAC/C,iKAEF,CAEA,WAIE,iBAAkB,CAHlB,iBAAoB,CACpB,iBAAkB,CAClB,eAAgB,CAEhB,2DAA+C,CAC/C,iKAEF,CAEA,WAIE,iBAAkB,CAHlB,iBAAoB,CACpB,iBAAkB,CAClB,eAAgB,CAEhB,2DAA+C,CAC/C,iKAEF;AC/CA,+DAAc,CAAd,iBAAA,sBAAc,CAAd,6BAAc,CAAd,qBAAc,CAAd,eAAA,eAAc,CAAd,KAAA,6BAAc,CAAd,oCAAc,CAAd,4BAAc,CAAd,wLAAc,CAAd,eAAc,CAAd,eAAc,CAAd,aAAc,CAAd,UAAc,CAAd,KAAA,mBAAc,CAAd,QAAc,CAAd,GAAA,oBAAc,CAAd,aAAc,CAAd,QAAc,CAAd,oBAAA,yBAAc,CAAd,qDAAc,CAAd,6CAAc,CAAd,kBAAA,iBAAc,CAAd,mBAAc,CAAd,EAAA,aAAc,CAAd,uBAAc,CAAd,SAAA,kBAAc,CAAd,kBAAA,uEAAc,CAAd,aAAc,CAAd,MAAA,aAAc,CAAd,QAAA,aAAc,CAAd,aAAc,CAAd,iBAAc,CAAd,sBAAc,CAAd,IAAA,aAAc,CAAd,IAAA,SAAc,CAAd,MAAA,wBAAc,CAAd,oBAAc,CAAd,aAAc,CAAd,sCAAA,aAAc,CAAd,mBAAc,CAAd,cAAc,CAAd,mBAAc,CAAd,mBAAc,CAAd,QAAc,CAAd,SAAc,CAAd,cAAA,mBAAc,CAAd,gDAAA,yBAAc,CAAd,wBAAc,CAAd,qBAAc,CAAd,gBAAA,YAAc,CAAd,iBAAA,eAAc,CAAd,SAAA,sBAAc,CAAd,wDAAA,WAAc,CAAd,cAAA,4BAAc,CAAd,mBAAc,CAAd,4BAAA,uBAAc,CAAd,6BAAA,yBAAc,CAAd,YAAc,CAAd,QAAA,iBAAc,CAAd,mDAAA,QAAc,CAAd,SAAA,QAAc,CAAd,gBAAA,SAAc,CAAd,WAAA,eAAc,CAAd,QAAc,CAAd,SAAc,CAAd,SAAA,eAAc,CAAd,sEAAA,aAAc,CAAd,SAAc,CAAd,oDAAA,aAAc,CAAd,SAAc,CAAd,4DAAA,aAAc,CAAd,SAAc,CAAd,8DAAA,aAAc,CAAd,SAAc,CAAd,yCAAA,aAAc,CAAd,SAAc,CAAd,qBAAA,cAAc,CAAd,UAAA,cAAc,CAAd,+CAAA,aAAc,CAAd,qBAAc,CAAd,UAAA,WAAc,CAAd,cAAc,CAAd,SAAA,YAAc,CAAd,MAAA,uBAAc,CAAd,kBAAc,CAAd,wBAAc,CAAd,uBAAc,CAAd,oBAAc,CAAd,qBAAc,CAAd,gBAAc,CAAd,0BAAc,CAAd,kBAAc,CAAd,6BAAc,CAAd,qBAAc,CAAd,6BAAc,CAAd,oBAAc,CAAd,+BAAc,CAAd,eAAc,CAAd,2BAAc,CAAd,iBAAc,CAAd,4BAAc,CAAd,2BAAc,CAAd,iCAAc,CAAd,gBAAc,CAAd,gBAAc,CAAd,iBAAc,CAAd,qBAAc,CAAd,qBAAc,CAAd,oBAAc,CAAd,qBAAc,CAAd,qBAAc,CAAd,eAAc,CAAd,oBAAc,CAAd,wBAAc,CAAd,sBAAc,CAAd,iBAAc,CAAd,qBAAc,CAAd,mBAAc,CAAd,oBAAc,CAAd,wBAAc,CAAd,sBAAc,CAAd,kBAAc,CAAd,sBAAc,CAAd,oBAAc,CAAd,MAAA,sBAAc,CAAd,qBAAc,CAAd,cAAc,CAAd,0BAAc,CAAd,kBAAc,CAAd,6BAAc,CAAd,oBAAc,CAAd,6BAAc,CAAd,oBAAc,CAAd,+BAAc,CAAd,eAAc,CAAd,2BAAc,CAAd,iBAAc,CAAd,4BAAc,CAAd,2BAAc,CAAd,iCAAc,CAAd,iBAAc,CAAd,gBAAc,CAAd,iBAAc,CAAd,qBAAc,CAAd,qBAAc,CAAd,oBAAc,CAAd,qBAAc,CAAd,qBAAc,CAAd,KAAA,4BAAc,CAAd,KAAA,2BAAc,CAAd,0DAAc,CAAd,eAAA,uBAAc,CAAd,uBAAc,CAAd,kBAAc,CAAd,kBAAc,CAAd,aAAc,CAAd,aAAc,CAAd,aAAc,CAAd,cAAc,CAAd,cAAc,CAAd,YAAc,CAAd,YAAc,CAAd,iBAAc,CAAd,qCAAc,CAAd,cAAc,CAAd,mBAAc,CAAd,qBAAc,CAAd,sBAAc,CAAd,uBAAc,CAAd,iBAAc,CAAd,0BAAc,CAAd,2BAAc,CAAd,yBAAc,CAAd,iCAAc,CAAd,0BAAc,CAAd,qBAAc,CAAd,6BAAc,CAAd,WAAc,CAAd,iBAAc,CAAd,eAAc,CAAd,gBAAc,CAAd,iBAAc,CAAd,aAAc,CAAd,eAAc,CAAd,YAAc,CAAd,kBAAc,CAAd,oBAAc,CAAd,0BAAc,CAAd,wBAAc,CAAd,yBAAc,CAAd,0BAAc,CAAd,sBAAc,CAAd,uBAAc,CAAd,wBAAc,CAAd,qBAAc,CAAd,4BAAA,uBAAc,CAAd,uBAAc,CAAd,kBAAc,CAAd,kBAAc,CAAd,aAAc,CAAd,aAAc,CAAd,aAAc,CAAd,cAAc,CAAd,cAAc,CAAd,YAAc,CAAd,YAAc,CAAd,iBAAc,CAAd,qCAAc,CAAd,cAAc,CAAd,mBAAc,CAAd,qBAAc,CAAd,sBAAc,CAAd,uBAAc,CAAd,iBAAc,CAAd,0BAAc,CAAd,2BAAc,CAAd,yBAAc,CAAd,iCAAc,CAAd,0BAAc,CAAd,qBAAc,CAAd,6BAAc,CAAd,WAAc,CAAd,iBAAc,CAAd,eAAc,CAAd,gBAAc,CAAd,iBAAc,CAAd,aAAc,CAAd,eAAc,CAAd,YAAc,CAAd,kBAAc,CAAd,oBAAc,CAAd,0BAAc,CAAd,wBAAc,CAAd,yBAAc,CAAd,0BAAc,CAAd,sBAAc,CAAd,uBAAc,CAAd,wBAAc,CAAd,qBAAc,CACd,WAAA,UAAoB,CAApB,aAAA,oBAAoB,CAApB,yBAAA,WAAA,eAAoB,CAApB,aAAA,yBAAoB,CAAA,CAApB,yBAAA,WAAA,eAAoB,CAApB,aAAA,yBAAoB,CAAA,CAApB,0BAAA,WAAA,gBAAoB,CAApB,aAAA,0BAAoB,CAAA,CAApB,0BAAA,WAAA,gBAAoB,CAApB,aAAA,0BAAoB,CAAA,CACpB,SAAA,kBAAmB,CAAnB,cAAmB,CAAnB,UAAmB,CAAnB,WAAmB,CAAnB,eAAmB,CAAnB,SAAmB,CAAnB,iBAAmB,CAAnB,kBAAmB,CAAnB,SAAmB,CAAnB,qBAAA,mBAAmB,CAAnB,qBAAA,mBAAmB,CAAnB,SAAA,kBAAmB,CAAnB,WAAA,iBAAmB,CAAnB,UAAA,mBAAmB,CAAnB,QAAA,eAAmB,CAAnB,OAAA,cAAmB,CAAnB,UAAA,iBAAmB,CAAnB,UAAA,iBAAmB,CAAnB,QAAA,eAAmB,CAAnB,SAAA,MAAmB,CAAnB,OAAmB,CAAnB,oBAAA,QAAmB,CAAnB,KAAmB,CAAnB,cAAA,SAAmB,CAAnB,UAAmB,CAAnB,cAAA,QAAmB,CAAnB,WAAA,QAAmB,CAAnB,gBAAA,UAAmB,CAAnB,OAAA,KAAmB,CAAnB,QAAA,MAAmB,CAAnB,UAAA,aAAmB,CAAnB,cAAA,SAAmB,CAAnB,eAAA,UAAmB,CAAnB,0BAAA,YAAmB,CAAnB,iBAAA,YAAmB,CAAnB,SAAA,OAAmB,CAAnB,QAAA,WAAmB,CAAnB,yBAAA,QAAmB,CAAnB,kBAAA,WAAmB,CAAnB,QAAA,UAAmB,CAAnB,QAAA,UAAmB,CAAnB,SAAA,WAAmB,CAAnB,UAAA,OAAmB,CAAnB,eAAA,QAAmB,CAAnB,cAAA,OAAmB,CAAnB,SAAA,UAAmB,CAAnB,OAAA,QAAmB,CAAnB,gBAAA,UAAmB,CAAnB,UAAA,YAAmB,CAAnB,WAAA,UAAmB,CAAnB,WAAA,YAAmB,CAAnB,OAAA,WAAmB,CAAnB,SAAA,UAAmB,CAAnB,WAAA,cAAmB,CAAnB,UAAA,QAAmB,CAAnB,aAAA,OAAmB,CAAnB,cAAA,MAAmB,CAAnB,gBAAA,UAAmB,CAAnB,gBAAA,UAAmB,CAAnB,cAAA,QAAmB,CAAnB,eAAA,SAAmB,CAAnB,2BAAA,mBAAmB,CAAnB,yBAAA,WAAmB,CAAnB,YAAA,YAAmB,CAAnB,MAAA,UAAmB,CAAnB,MAAA,UAAmB,CAAnB,MAAA,UAAmB,CAAnB,MAAA,UAAmB,CAAnB,QAAA,WAAmB,CAAnB,KAAA,aAAmB,CAAnB,KAAA,cAAmB,CAAnB,KAAA,QAAmB,CAAnB,MAAA,iBAAmB,CAAnB,kBAAmB,CAAnB,MAAA,eAAmB,CAAnB,YAAmB,CAAnB,MAAA,mBAAmB,CAAnB,gBAAmB,CAAnB,SAAA,gBAAmB,CAAnB,iBAAmB,CAAnB,MAAA,oBAAmB,CAAnB,iBAAmB,CAAnB,MAAA,kBAAmB,CAAnB,mBAAmB,CAAnB,MAAA,oBAAmB,CAAnB,iBAAmB,CAAnB,MAAA,gBAAmB,CAAnB,iBAAmB,CAAnB,OAAA,mBAAmB,CAAnB,oBAAmB,CAAnB,MAAA,kBAAmB,CAAnB,mBAAmB,CAAnB,SAAA,mBAAmB,CAAnB,oBAAmB,CAAnB,SAAA,qBAAmB,CAAnB,kBAAmB,CAAnB,OAAA,iBAAmB,CAAnB,cAAmB,CAAnB,MAAA,mBAAmB,CAAnB,MAAA,iBAAmB,CAAnB,OAAA,iBAAmB,CAAnB,MAAA,gBAAmB,CAAnB,aAAA,eAAmB,CAAnB,MAAA,gBAAmB,CAAnB,MAAA,mBAAmB,CAAnB,MAAA,kBAAmB,CAAnB,MAAA,iBAAmB,CAAnB,MAAA,iBAAmB,CAAnB,MAAA,oBAAmB,CAAnB,SAAA,oBAAmB,CAAnB,MAAA,kBAAmB,CAAnB,SAAA,oBAAmB,CAAnB,MAAA,cAAmB,CAAnB,MAAA,oBAAmB,CAAnB,MAAA,kBAAmB,CAAnB,SAAA,kBAAmB,CAAnB,MAAA,YAAmB,CAAnB,SAAA,gBAAmB,CAAnB,MAAA,mBAAmB,CAAnB,YAAA,cAAmB,CAAnB,OAAA,mBAAmB,CAAnB,MAAA,eAAmB,CAAnB,MAAA,oBAAmB,CAAnB,SAAA,iBAAmB,CAAnB,SAAA,mBAAmB,CAAnB,MAAA,mBAAmB,CAAnB,MAAA,aAAmB,CAAnB,MAAA,eAAmB,CAAnB,MAAA,kBAAmB,CAAnB,MAAA,qBAAmB,CAAnB,MAAA,iBAAmB,CAAnB,OAAA,kBAAmB,CAAnB,SAAA,qBAAmB,CAAnB,SAAA,kBAAmB,CAAnB,SAAA,mBAAmB,CAAnB,SAAA,qBAAmB,CAAnB,YAAA,iBAAmB,CAAnB,MAAA,eAAmB,CAAnB,aAAA,0BAAmB,CAAnB,kBAAmB,CAAnB,OAAA,aAAmB,CAAnB,cAAA,oBAAmB,CAAnB,QAAA,cAAmB,CAAnB,MAAA,mBAAmB,CAAnB,mBAAmB,CAAnB,YAAmB,CAAnB,aAAA,0BAAmB,CAAnB,0BAAmB,CAAnB,mBAAmB,CAAnB,eAAA,oCAAmB,CAAnB,oCAAmB,CAAnB,6BAAmB,CAAnB,OAAA,aAAmB,CAAnB,MAAA,YAAmB,CAAnB,UAAA,gBAAmB,CAAnB,YAAA,0BAAmB,CAAnB,QAAA,YAAmB,CAAnB,QAAA,WAAmB,CAAnB,KAAA,cAAmB,CAAnB,KAAA,aAAmB,CAAnB,KAAA,WAAmB,CAAnB,KAAA,cAAmB,CAAnB,KAAA,cAAmB,CAAnB,YAAA,WAAmB,CAAnB,WAAA,UAAmB,CAAnB,KAAA,WAAmB,CAAnB,KAAA,aAAmB,CAAnB,YAAA,WAAmB,CAAnB,YAAA,WAAmB,CAAnB,YAAA,WAAmB,CAAnB,QAAA,cAAmB,CAAnB,2BAAA,0BAAmB,CAAnB,QAAA,cAAmB,CAAnB,KAAA,QAAmB,CAAnB,UAAA,YAAmB,CAAnB,MAAA,aAAmB,CAAnB,QAAA,WAAmB,CAAnB,aAAA,YAAmB,CAAnB,KAAA,aAAmB,CAAnB,aAAA,YAAmB,CAAnB,aAAA,YAAmB,CAAnB,cAAA,qBAAmB,CAAnB,MAAA,UAAmB,CAAnB,aAAA,YAAmB,CAAnB,YAAA,WAAmB,CAAnB,aAAA,YAAmB,CAAnB,0BAAA,wBAAmB,CAAnB,YAAA,WAAmB,CAAnB,YAAA,WAAmB,CAAnB,YAAA,WAAmB,CAAnB,KAAA,YAAmB,CAAnB,YAAA,WAAmB,CAAnB,WAAA,UAAmB,CAAnB,MAAA,aAAmB,CAAnB,YAAA,WAAmB,CAAnB,aAAA,YAAmB,CAAnB,YAAA,WAAmB,CAAnB,YAAA,WAAmB,CAAnB,YAAA,WAAmB,CAAnB,YAAA,WAAmB,CAAnB,MAAA,WAAmB,CAAnB,MAAA,WAAmB,CAAnB,aAAA,YAAmB,CAAnB,MAAA,cAAmB,CAAnB,cAAA,qBAAmB,CAAnB,cAAA,qBAAmB,CAAnB,QAAA,cAAmB,CAAnB,4CAAA,yCAAmB,CAAnB,YAAA,WAAmB,CAAnB,YAAA,WAAmB,CAAnB,YAAA,WAAmB,CAAnB,YAAA,WAAmB,CAAnB,YAAA,WAAmB,CAAnB,8BAAA,0BAAmB,CAAnB,SAAA,YAAmB,CAAnB,UAAA,gBAAmB,CAAnB,iBAAA,gBAAmB,CAAnB,SAAA,kBAAmB,CAAnB,gBAAA,eAAmB,CAAnB,iBAAA,gBAAmB,CAAnB,UAAA,gBAAmB,CAAnB,eAAA,cAAmB,CAAnB,SAAA,YAAmB,CAAnB,iBAAA,gBAAmB,CAAnB,UAAA,iBAAmB,CAAnB,gBAAA,eAAmB,CAAnB,QAAA,UAAmB,CAAnB,KAAA,aAAmB,CAAnB,KAAA,YAAmB,CAAnB,KAAA,UAAmB,CAAnB,KAAA,aAAmB,CAAnB,YAAA,SAAmB,CAAnB,QAAA,UAAmB,CAAnB,aAAA,WAAmB,CAAnB,YAAA,UAAmB,CAAnB,aAAA,WAAmB,CAAnB,MAAA,UAAmB,CAAnB,KAAA,YAAmB,CAAnB,QAAA,SAAmB,CAAnB,QAAA,gBAAmB,CAAnB,aAAA,WAAmB,CAAnB,YAAA,UAAmB,CAAnB,YAAA,UAAmB,CAAnB,QAAA,aAAmB,CAAnB,QAAA,SAAmB,CAAnB,SAAA,kBAAmB,CAAnB,SAAA,kBAAmB,CAAnB,SAAA,SAAmB,CAAnB,SAAA,kBAAmB,CAAnB,UAAA,WAAmB,CAAnB,aAAA,WAAmB,CAAnB,MAAA,WAAmB,CAAnB,MAAA,YAAmB,CAAnB,MAAA,UAAmB,CAAnB,KAAA,OAAmB,CAAnB,MAAA,WAAmB,CAAnB,MAAA,UAAmB,CAAnB,aAAA,WAAmB,CAAnB,aAAA,WAAmB,CAAnB,MAAA,UAAmB,CAAnB,YAAA,UAAmB,CAAnB,YAAA,UAAmB,CAAnB,SAAA,kBAAmB,CAAnB,SAAA,WAAmB,CAAnB,SAAA,kBAAmB,CAAnB,SAAA,kBAAmB,CAAnB,SAAA,WAAmB,CAAnB,UAAA,kBAAmB,CAAnB,UAAA,kBAAmB,CAAnB,UAAA,SAAmB,CAAnB,UAAA,kBAAmB,CAAnB,UAAA,kBAAmB,CAAnB,UAAA,WAAmB,CAAnB,UAAA,kBAAmB,CAAnB,UAAA,kBAAmB,CAAnB,UAAA,SAAmB,CAAnB,UAAA,kBAAmB,CAAnB,UAAA,kBAAmB,CAAnB,UAAA,WAAmB,CAAnB,UAAA,kBAAmB,CAAnB,UAAA,kBAAmB,CAAnB,MAAA,WAAmB,CAAnB,KAAA,WAAmB,CAAnB,eAAA,yBAAmB,CAAnB,sBAAmB,CAAnB,iBAAmB,CAAnB,aAAA,WAAmB,CAAnB,KAAA,aAAmB,CAAnB,MAAA,WAAmB,CAAnB,aAAA,WAAmB,CAAnB,YAAA,UAAmB,CAAnB,MAAA,YAAmB,CAAnB,MAAA,WAAmB,CAAnB,YAAA,UAAmB,CAAnB,aAAA,WAAmB,CAAnB,MAAA,UAAmB,CAAnB,YAAA,UAAmB,CAAnB,aAAA,WAAmB,CAAnB,eAAA,YAAmB,CAAnB,QAAA,gBAAmB,CAAnB,QAAA,SAAmB,CAAnB,eAAA,oBAAmB,CAAnB,cAAA,oBAAmB,CAAnB,YAAA,UAAmB,CAAnB,KAAA,YAAmB,CAAnB,QAAA,aAAmB,CAAnB,KAAA,UAAmB,CAAnB,YAAA,UAAmB,CAAnB,WAAA,SAAmB,CAAnB,YAAA,SAAmB,CAAnB,YAAA,UAAmB,CAAnB,YAAA,UAAmB,CAAnB,WAAA,SAAmB,CAAnB,0BAAA,uBAAmB,CAAnB,MAAA,SAAmB,CAAnB,MAAA,UAAmB,CAAnB,cAAA,oBAAmB,CAAnB,eAAA,aAAmB,CAAnB,iBAAA,eAAmB,CAAnB,UAAA,cAAmB,CAAnB,gBAAA,cAAmB,CAAnB,SAAA,WAAmB,CAAnB,gBAAA,cAAmB,CAAnB,UAAA,cAAmB,CAAnB,UAAA,cAAmB,CAAnB,gBAAA,cAAmB,CAAnB,gBAAA,cAAmB,CAAnB,gBAAA,cAAmB,CAAnB,kBAAA,wBAAmB,CAAnB,+CAAA,2CAAmB,CAAnB,iBAAA,eAAmB,CAAnB,iBAAA,eAAmB,CAAnB,eAAA,aAAmB,CAAnB,eAAA,aAAmB,CAAnB,WAAA,eAAmB,CAAnB,WAAA,eAAmB,CAAnB,UAAA,eAAmB,CAAnB,gBAAA,aAAmB,CAAnB,UAAA,eAAmB,CAAnB,YAAA,cAAmB,CAAnB,UAAA,eAAmB,CAAnB,SAAA,iBAAmB,CAAnB,UAAA,cAAmB,CAAnB,UAAA,eAAmB,CAAnB,UAAA,eAAmB,CAAnB,mBAAA,yBAAmB,CAAnB,iBAAA,eAAmB,CAAnB,iBAAA,eAAmB,CAAnB,iBAAA,eAAmB,CAAnB,UAAA,cAAmB,CAAnB,QAAA,kBAAmB,CAAnB,eAAmB,CAAnB,WAAmB,CAAnB,WAAA,kBAAmB,CAAnB,iBAAmB,CAAnB,aAAmB,CAAnB,cAAA,kBAAmB,CAAnB,iBAAmB,CAAnB,aAAmB,CAAnB,WAAA,kBAAmB,CAAnB,aAAmB,CAAnB,SAAmB,CAAnB,eAAA,mBAAmB,CAAnB,aAAmB,CAAnB,aAAA,mBAAmB,CAAnB,aAAmB,CAAnB,UAAA,mBAAmB,CAAnB,aAAmB,CAAnB,QAAA,mBAAmB,CAAnB,aAAmB,CAAnB,iBAAA,kBAAmB,CAAnB,mBAAmB,CAAnB,WAAmB,CAAnB,QAAA,kBAAmB,CAAnB,mBAAmB,CAAnB,WAAmB,CAAnB,iBAAA,6BAAmB,CAAnB,gBAAmB,CAAnB,iBAAA,wBAAmB,CAAnB,YAAA,4BAAmB,CAAnB,oBAAmB,CAAnB,mBAAA,qBAAmB,CAAnB,sCAAA,qMAAmB,CAAnB,6LAAmB,CAAnB,mBAAA,qBAAmB,CAAnB,uBAAA,qBAAmB,CAAnB,8CAAA,qMAAmB,CAAnB,6LAAmB,CAAnB,uBAAA,qBAAmB,CAAnB,YAAA,kBAAmB,CAAnB,wBAAA,qMAAmB,CAAnB,6LAAmB,CAAnB,YAAA,kBAAmB,CAAnB,WAAA,qMAAmB,CAAnB,6LAAmB,CAAnB,wBAAA,GAAA,+BAAmB,CAAnB,uBAAmB,CAAA,CAAnB,gBAAA,GAAA,+BAAmB,CAAnB,uBAAmB,CAAA,CAAnB,cAAA,yCAAmB,CAAnB,iCAAmB,CAAnB,gBAAA,cAAmB,CAAnB,aAAA,WAAmB,CAAnB,gBAAA,cAAmB,CAAnB,oBAAA,kBAAmB,CAAnB,YAAA,qBAAmB,CAAnB,iBAAmB,CAAnB,aAAA,wBAAmB,IAAnB,qBAAmB,KAAnB,oBAAmB,SAAnB,gBAAmB,CAAnB,aAAA,wBAAmB,IAAnB,qBAAmB,KAAnB,oBAAmB,SAAnB,gBAAmB,CAAnB,QAAA,WAAmB,CAAnB,iBAAA,uBAAmB,CAAnB,oBAAmB,CAAnB,eAAmB,CAAnB,aAAA,6CAAmB,CAAnB,aAAA,6CAAmB,CAAnB,2DAAA,sDAAmB,CAAnB,UAAA,6BAAmB,CAAnB,4BAAmB,CAAnB,sBAAmB,CAAnB,kBAAmB,CAAnB,YAAA,uCAAmB,CAAnB,sCAAmB,CAAnB,gCAAmB,CAAnB,4BAAmB,CAAnB,UAAA,2BAAmB,CAAnB,4BAAmB,CAAnB,yBAAmB,CAAnB,qBAAmB,CAAnB,kBAAA,2BAAmB,CAAnB,6BAAmB,CAAnB,iCAAmB,CAAnB,6BAAmB,CAAnB,WAAA,kBAAmB,CAAnB,cAAmB,CAAnB,aAAA,oBAAmB,CAAnB,gBAAmB,CAAnB,mBAAA,iBAAmB,CAAnB,oBAAA,kBAAmB,CAAnB,aAAA,uBAAmB,CAAnB,oBAAmB,CAAnB,sBAAmB,CAAnB,WAAA,qBAAmB,CAAnB,kBAAmB,CAAnB,oBAAmB,CAAnB,cAAA,wBAAmB,CAAnB,qBAAmB,CAAnB,kBAAmB,CAAnB,gBAAA,kCAAmB,CAAnB,+BAAmB,CAAnB,4BAAmB,CAAnB,gBAAA,0BAAmB,CAAnB,uBAAmB,CAAnB,oBAAmB,CAAnB,eAAA,yBAAmB,CAAnB,sBAAmB,CAAnB,mBAAmB,CAAnB,eAAA,sBAAmB,CAAnB,mBAAmB,CAAnB,0BAAmB,CAAnB,aAAA,oBAAmB,CAAnB,iBAAmB,CAAnB,wBAAmB,CAAnB,gBAAA,uBAAmB,CAAnB,oBAAmB,CAAnB,sBAAmB,CAAnB,kBAAA,iCAAmB,CAAnB,8BAAmB,CAAnB,gCAAmB,CAAnB,iBAAA,wBAAmB,CAAnB,qBAAmB,CAAnB,6BAAmB,CAAnB,OAAA,UAAmB,CAAnB,OAAA,SAAmB,CAAnB,aAAA,OAAmB,CAAnB,OAAA,UAAmB,CAAnB,OAAA,QAAmB,CAAnB,aAAA,OAAmB,CAAnB,cAAA,QAAmB,CAAnB,UAAA,WAAmB,CAAnB,aAAA,OAAmB,CAAnB,aAAA,OAAmB,CAAnB,OAAA,UAAmB,CAAnB,aAAA,OAAmB,CAAnB,OAAA,KAAmB,CAAnB,eAAA,iBAAmB,CAAnB,UAAA,WAAmB,CAAnB,aAAA,OAAmB,CAAnB,aAAA,OAAmB,CAAnB,UAAA,uBAAmB,CAAnB,oBAAmB,CAAnB,eAAmB,CAAnB,yCAAA,sBAAmB,CAAnB,wDAAmB,CAAnB,mDAAmB,CAAnB,yCAAA,sBAAmB,CAAnB,mDAAmB,CAAnB,sDAAmB,CAAnB,yCAAA,sBAAmB,CAAnB,uDAAmB,CAAnB,kDAAmB,CAAnB,yCAAA,sBAAmB,CAAnB,kDAAmB,CAAnB,qDAAmB,CAAnB,0CAAA,sBAAmB,CAAnB,wDAAmB,CAAnB,mDAAmB,CAAnB,yCAAA,sBAAmB,CAAnB,sDAAmB,CAAnB,iDAAmB,CAAnB,yCAAA,sBAAmB,CAAnB,oDAAmB,CAAnB,uDAAmB,CAAnB,yCAAA,sBAAmB,CAAnB,oDAAmB,CAAnB,uDAAmB,CAAnB,yCAAA,sBAAmB,CAAnB,wDAAmB,CAAnB,mDAAmB,CAAnB,4CAAA,sBAAmB,CAAnB,qDAAmB,CAAnB,wDAAmB,CAAnB,yCAAA,sBAAmB,CAAnB,qDAAmB,CAAnB,wDAAmB,CAAnB,0CAAA,sBAAmB,CAAnB,iDAAmB,CAAnB,oDAAmB,CAAnB,yCAAA,sBAAmB,CAAnB,iDAAmB,CAAnB,oDAAmB,CAAnB,YAAA,yBAAmB,CAAnB,qBAAmB,CAAnB,UAAA,uBAAmB,CAAnB,mBAAmB,CAAnB,aAAA,0BAAmB,CAAnB,iBAAmB,CAAnB,cAAA,2BAAmB,CAAnB,kBAAmB,CAAnB,eAAA,aAAmB,CAAnB,iBAAA,eAAmB,CAAnB,kBAAA,gBAAmB,CAAnB,iBAAA,eAAmB,CAAnB,mBAAA,iBAAmB,CAAnB,mBAAA,iBAAmB,CAAnB,UAAA,eAAmB,CAAnB,sBAAmB,CAAnB,kBAAmB,CAAnB,YAAA,yBAAmB,CAAnB,gCAAmB,CAAnB,4BAAmB,CAAnB,kCAAA,sBAAmB,CAAnB,mBAAA,kBAAmB,CAAnB,mBAAA,kBAAmB,CAAnB,qBAAA,4BAAmB,CAAnB,gBAAA,eAAmB,CAAnB,qBAAA,oBAAmB,CAAnB,qBAAA,oBAAmB,CAAnB,cAAA,oBAAmB,CAAnB,iBAAmB,CAAnB,aAAA,wBAAmB,CAAnB,eAAA,kCAAmB,CAAnB,WAAA,oBAAmB,CAAnB,SAAA,oBAAmB,CAAnB,YAAA,2BAAmB,CAAnB,YAAA,uCAAmB,CAAnB,cAAA,oBAAmB,CAAnB,aAAA,kBAAmB,CAAnB,iBAAA,iBAAmB,CAAnB,iBAAA,iBAAmB,CAAnB,YAAA,uCAAmB,CAAnB,cAAA,qCAAmB,CAAnB,WAAA,8BAAmB,CAAnB,qBAAA,qBAAmB,CAAnB,cAAA,eAAmB,CAAnB,iBAAA,iBAAmB,CAAnB,YAAA,oBAAmB,CAAnB,WAAA,gCAAmB,CAAnB,6BAAmB,CAAnB,cAAA,gCAAmB,CAAnB,6BAAmB,CAAnB,WAAA,8BAAmB,CAAnB,sBAAA,iCAAmB,CAAnB,WAAA,gCAAmB,CAAnB,cAAA,mDAAmB,CAAnB,oDAAmB,CAAnB,cAAA,gDAAmB,CAAnB,iDAAmB,CAAnB,WAAA,6BAAmB,CAAnB,8BAAmB,CAAnB,eAAA,2BAAmB,CAAnB,4BAAmB,CAAnB,eAAA,8BAAmB,CAAnB,+BAAmB,CAAnB,YAAA,8BAAmB,CAAnB,iBAAA,+CAAmB,CAAnB,iBAAA,kDAAmB,CAAnB,mBAAA,kCAAmB,CAAnB,mBAAA,qCAAmB,CAAnB,QAAA,gBAAmB,CAAnB,UAAA,gBAAmB,CAAnB,gBAAA,gBAAmB,CAAnB,UAAA,cAAmB,CAAnB,UAAA,sBAAmB,CAAnB,UAAA,uBAAmB,CAAnB,kBAAA,uBAAmB,CAAnB,UAAA,qBAAmB,CAAnB,YAAA,qBAAmB,CAAnB,UAAA,oBAAmB,CAAnB,YAAA,kBAAmB,CAAnB,YAAA,mBAAmB,CAAnB,YAAA,oBAAmB,CAAnB,YAAA,qBAAmB,CAAnB,YAAA,uBAAmB,CAAnB,kBAAA,qBAAmB,CAAnB,kBAAA,qBAAmB,CAAnB,cAAA,kBAAmB,CAAnB,eAAA,mBAAmB,CAAnB,aAAA,iBAAmB,CAAnB,cAAA,qBAAmB,CAAnB,gDAAmB,CAAnB,oBAAA,kBAAmB,CAAnB,sBAAA,qBAAmB,CAAnB,sDAAmB,CAAnB,uBAAA,qBAAmB,CAAnB,oDAAmB,CAAnB,wBAAA,qBAAmB,CAAnB,mDAAmB,CAAnB,oBAAA,kBAAmB,CAAnB,oBAAA,oBAAmB,CAAnB,iBAAA,qBAAmB,CAAnB,mDAAmB,CAAnB,iBAAA,qBAAmB,CAAnB,oDAAmB,CAAnB,cAAA,8BAAmB,CAAnB,kBAAA,kBAAmB,CAAnB,kBAAA,kCAAmB,CAAnB,qBAAA,qBAAmB,CAAnB,gDAAmB,CAAnB,wBAAA,oBAAmB,CAAnB,qBAAA,qBAAmB,CAAnB,mDAAmB,CAAnB,cAAA,qBAAmB,CAAnB,sDAAmB,CAAnB,iBAAA,qBAAmB,CAAnB,sDAAmB,CAAnB,oBAAA,sBAAmB,CAAnB,gBAAA,iBAAmB,CAAnB,mBAAA,mCAAmB,CAAnB,kBAAA,iCAAmB,CAAnB,kBAAA,sBAAmB,CAAnB,uBAAA,qBAAmB,CAAnB,mDAAmB,CAAnB,oBAAA,sBAAmB,CAAnB,oBAAA,sBAAmB,CAAnB,0BAAA,+BAAmB,CAAnB,6DAAmB,CAAnB,gBAAA,qCAAmB,CAAnB,sBAAA,uBAAmB,CAAnB,sBAAA,sBAAmB,CAAnB,UAAA,iBAAmB,CAAnB,gDAAmB,CAAnB,kBAAA,iBAAmB,CAAnB,sDAAmB,CAAnB,YAAA,oCAAmB,CAAnB,UAAA,kCAAmB,CAAnB,cAAA,sCAAmB,CAAnB,gBAAA,0BAAmB,CAAnB,eAAA,uCAAmB,CAAnB,UAAA,kCAAmB,CAAnB,gBAAA,wBAAmB,CAAnB,iBAAA,iBAAmB,CAAnB,gDAAmB,CAAnB,mBAAA,iBAAmB,CAAnB,mDAAmB,CAAnB,mBAAA,sBAAmB,CAAnB,iBAAA,iBAAmB,CAAnB,mDAAmB,CAAnB,aAAA,iBAAmB,CAAnB,oDAAmB,CAAnB,mBAAA,iBAAmB,CAAnB,mDAAmB,CAAnB,iBAAA,iBAAmB,CAAnB,mDAAmB,CAAnB,kBAAA,iBAAmB,CAAnB,mDAAmB,CAAnB,2BAAA,iBAAmB,CAAnB,mDAAmB,CAAnB,kBAAA,iBAAmB,CAAnB,oDAAmB,CAAnB,oBAAA,iBAAmB,CAAnB,mDAAmB,CAAnB,UAAA,iBAAmB,CAAnB,sDAAmB,CAAnB,gBAAA,uCAAmB,CAAnB,gBAAA,sBAAmB,CAAnB,gBAAA,wCAAmB,CAAnB,gBAAA,sBAAmB,CAAnB,WAAA,mCAAmB,CAAnB,SAAA,iCAAmB,CAAnB,WAAA,mCAAmB,CAAnB,gBAAA,sBAAmB,CAAnB,cAAA,sBAAmB,CAAnB,YAAA,qBAAmB,CAAnB,mBAAA,iBAAmB,CAAnB,oDAAmB,CAAnB,iBAAA,iBAAmB,CAAnB,kDAAmB,CAAnB,cAAA,sBAAmB,CAAnB,eAAA,uCAAmB,CAAnB,cAAA,8CAAmB,CAAnB,mBAAA,2BAAmB,CAAnB,+DAAmB,CAAnB,kBAAA,kCAAmB,CAAnB,gBAAA,uCAAmB,CAAnB,YAAA,iBAAmB,CAAnB,gDAAmB,CAAnB,iBAAA,iBAAmB,CAAnB,mDAAmB,CAAnB,gBAAA,0BAAmB,CAAnB,gBAAA,0BAAmB,CAAnB,gBAAA,0BAAmB,CAAnB,aAAA,iBAAmB,CAAnB,sDAAmB,CAAnB,iBAAA,iBAAmB,CAAnB,mDAAmB,CAAnB,eAAA,mBAAmB,CAAnB,kBAAA,8FAAmB,CAAnB,oEAAmB,CAAnB,kBAAA,8FAAmB,CAAnB,iEAAmB,CAAnB,iBAAA,yCAAmB,CAAnB,yCAAmB,CAAnB,iEAAmB,CAAnB,oBAAA,yCAAmB,CAAnB,4FAAmB,CAAnB,gBAAA,sBAAmB,CAAnB,cAAA,iBAAmB,CAAnB,wBAAA,cAAmB,CAAnB,gBAAA,qBAAmB,CAAnB,kBAAmB,CAAnB,KAAA,YAAmB,CAAnB,KAAA,cAAmB,CAAnB,KAAA,SAAmB,CAAnB,QAAA,eAAmB,CAAnB,QAAA,eAAmB,CAAnB,KAAA,cAAmB,CAAnB,KAAA,aAAmB,CAAnB,KAAA,cAAmB,CAAnB,QAAA,eAAmB,CAAnB,QAAA,eAAmB,CAAnB,MAAA,WAAmB,CAAnB,KAAA,eAAmB,CAAnB,YAAA,YAAmB,CAAnB,WAAA,WAAmB,CAAnB,WAAA,WAAmB,CAAnB,WAAA,WAAmB,CAAnB,KAAA,YAAmB,CAAnB,MAAA,kBAAmB,CAAnB,mBAAmB,CAAnB,MAAA,oBAAmB,CAAnB,iBAAmB,CAAnB,MAAA,qBAAmB,CAAnB,kBAAmB,CAAnB,MAAA,oBAAmB,CAAnB,qBAAmB,CAAnB,MAAA,mBAAmB,CAAnB,oBAAmB,CAAnB,MAAA,mBAAmB,CAAnB,gBAAmB,CAAnB,SAAA,oBAAmB,CAAnB,qBAAmB,CAAnB,MAAA,mBAAmB,CAAnB,oBAAmB,CAAnB,SAAA,sBAAmB,CAAnB,mBAAmB,CAAnB,MAAA,qBAAmB,CAAnB,kBAAmB,CAAnB,MAAA,mBAAmB,CAAnB,gBAAmB,CAAnB,MAAA,iBAAmB,CAAnB,kBAAmB,CAAnB,MAAA,cAAmB,CAAnB,eAAmB,CAAnB,MAAA,gBAAmB,CAAnB,aAAmB,CAAnB,MAAA,mBAAmB,CAAnB,oBAAmB,CAAnB,MAAA,iBAAmB,CAAnB,kBAAmB,CAAnB,SAAA,sBAAmB,CAAnB,mBAAmB,CAAnB,aAAA,iBAAmB,CAAnB,kBAAmB,CAAnB,MAAA,oBAAmB,CAAnB,qBAAmB,CAAnB,OAAA,qBAAmB,CAAnB,kBAAmB,CAAnB,YAAA,kBAAmB,CAAnB,eAAmB,CAAnB,YAAA,gBAAmB,CAAnB,iBAAmB,CAAnB,MAAA,sBAAmB,CAAnB,mBAAmB,CAAnB,eAAA,oBAAmB,CAAnB,iBAAmB,CAAnB,MAAA,qBAAmB,CAAnB,kBAAmB,CAAnB,eAAA,2BAAmB,CAAnB,4BAAmB,CAAnB,SAAA,oBAAmB,CAAnB,qBAAmB,CAAnB,aAAA,mBAAmB,CAAnB,gBAAmB,CAAnB,OAAA,mBAAmB,CAAnB,gBAAmB,CAAnB,OAAA,iBAAmB,CAAnB,kBAAmB,CAAnB,MAAA,mBAAmB,CAAnB,MAAA,kBAAmB,CAAnB,MAAA,cAAmB,CAAnB,MAAA,kBAAmB,CAAnB,MAAA,qBAAmB,CAAnB,SAAA,qBAAmB,CAAnB,MAAA,eAAmB,CAAnB,SAAA,oBAAmB,CAAnB,SAAA,oBAAmB,CAAnB,YAAA,kBAAmB,CAAnB,YAAA,gBAAmB,CAAnB,YAAA,eAAmB,CAAnB,aAAA,iBAAmB,CAAnB,MAAA,oBAAmB,CAAnB,MAAA,iBAAmB,CAAnB,MAAA,mBAAmB,CAAnB,SAAA,mBAAmB,CAAnB,MAAA,aAAmB,CAAnB,MAAA,iBAAmB,CAAnB,MAAA,qBAAmB,CAAnB,MAAA,oBAAmB,CAAnB,MAAA,gBAAmB,CAAnB,MAAA,kBAAmB,CAAnB,OAAA,mBAAmB,CAAnB,MAAA,mBAAmB,CAAnB,MAAA,oBAAmB,CAAnB,MAAA,iBAAmB,CAAnB,OAAA,iBAAmB,CAAnB,MAAA,mBAAmB,CAAnB,MAAA,kBAAmB,CAAnB,MAAA,qBAAmB,CAAnB,eAAA,kBAAmB,CAAnB,eAAA,mBAAmB,CAAnB,OAAA,iBAAmB,CAAnB,aAAA,iBAAmB,CAAnB,aAAA,kBAAmB,CAAnB,aAAA,gBAAmB,CAAnB,aAAA,mBAAmB,CAAnB,SAAA,oBAAmB,CAAnB,MAAA,qBAAmB,CAAnB,MAAA,qBAAmB,CAAnB,MAAA,kBAAmB,CAAnB,SAAA,sBAAmB,CAAnB,MAAA,gBAAmB,CAAnB,YAAA,eAAmB,CAAnB,aAAA,iBAAmB,CAAnB,YAAA,iBAAmB,CAAnB,YAAA,gBAAmB,CAAnB,MAAA,kBAAmB,CAAnB,OAAA,eAAmB,CAAnB,YAAA,iBAAmB,CAAnB,YAAA,eAAmB,CAAnB,YAAA,kBAAmB,CAAnB,eAAA,mBAAmB,CAAnB,YAAA,gBAAmB,CAAnB,OAAA,gBAAmB,CAAnB,OAAA,iBAAmB,CAAnB,WAAA,eAAmB,CAAnB,aAAA,iBAAmB,CAAnB,eAAA,2BAAmB,CAAnB,YAAA,gBAAmB,CAAnB,cAAA,kBAAmB,CAAnB,WAAA,wLAAmB,CAAnB,WAAA,uEAAmB,CAAnB,aAAA,kMAAmB,CAAnB,WAAA,kBAAmB,CAAnB,SAAA,kBAAmB,CAAnB,SAAA,gBAAmB,CAAnB,eAAA,cAAmB,CAAnB,eAAA,cAAmB,CAAnB,SAAA,cAAmB,CAAnB,SAAA,iBAAmB,CAAnB,eAAA,cAAmB,CAAnB,eAAA,cAAmB,CAAnB,UAAA,cAAmB,CAAnB,UAAA,cAAmB,CAAnB,UAAA,iBAAmB,CAAnB,UAAA,kBAAmB,CAAnB,UAAA,gBAAmB,CAAnB,kBAAA,eAAmB,CAAnB,eAAA,cAAmB,CAAnB,WAAA,wBAAmB,CAAnB,iBAAA,wBAAmB,CAAnB,cAAA,WAAmB,CAAnB,eAAA,cAAmB,CAAnB,eAAA,cAAmB,CAAnB,eAAA,cAAmB,CAAnB,eAAA,cAAmB,CAAnB,aAAA,eAAmB,CAAnB,WAAA,eAAmB,CAAnB,YAAA,eAAmB,CAAnB,eAAA,eAAmB,CAAnB,aAAA,eAAmB,CAAnB,WAAA,wBAAmB,CAAnB,WAAA,wBAAmB,CAAnB,gBAAA,eAAmB,CAAnB,cAAA,aAAmB,CAAnB,WAAA,mBAAmB,CAAnB,WAAA,kBAAmB,CAAnB,kBAAA,eAAmB,CAAnB,eAAA,gBAAmB,CAAnB,kBAAA,gBAAmB,CAAnB,kBAAA,gBAAmB,CAAnB,WAAA,kBAAmB,CAAnB,oBAAA,yBAAmB,CAAnB,oBAAA,yBAAmB,CAAnB,WAAA,gBAAmB,CAAnB,eAAA,qBAAmB,CAAnB,gBAAA,sBAAmB,CAAnB,iBAAA,mBAAmB,CAAnB,sBAAA,oBAAmB,CAAnB,cAAA,6BAAmB,CAAnB,iDAAmB,CAAnB,sBAAA,6BAAmB,CAAnB,uDAAmB,CAAnB,iBAAA,4BAAmB,CAAnB,2BAAA,mBAAmB,CAAnB,6CAAmB,CAAnB,cAAA,UAAmB,CAAnB,uBAAA,kCAAmB,CAAnB,cAAA,mBAAmB,CAAnB,2CAAmB,CAAnB,YAAA,mBAAmB,CAAnB,6CAAmB,CAAnB,gBAAA,mBAAmB,CAAnB,6CAAmB,CAAnB,oBAAA,mBAAmB,CAAnB,6CAAmB,CAAnB,gBAAA,2BAAmB,CAAnB,qBAAA,+BAAmB,CAAnB,eAAA,mBAAmB,CAAnB,6CAAmB,CAAnB,mBAAA,8BAAmB,CAAnB,oBAAA,+BAAmB,CAAnB,uBAAA,iCAAmB,CAAnB,wBAAA,kCAAmB,CAAnB,eAAA,mBAAmB,CAAnB,4CAAmB,CAAnB,mBAAA,mBAAmB,CAAnB,6CAAmB,CAAnB,qBAAA,mBAAmB,CAAnB,2CAAmB,CAAnB,mBAAA,mBAAmB,CAAnB,0CAAmB,CAAnB,sBAAA,mBAAmB,CAAnB,0CAAmB,CAAnB,+BAAA,mBAAmB,CAAnB,uCAAmB,CAAnB,cAAA,aAAmB,CAAnB,gBAAA,oBAAmB,CAAnB,yBAAA,mBAAmB,CAAnB,6CAAmB,CAAnB,6BAAA,wCAAmB,CAAnB,wBAAA,mCAAmB,CAAnB,sBAAA,iCAAmB,CAAnB,iBAAA,4BAAmB,CAAnB,yBAAA,oCAAmB,CAAnB,iBAAA,mBAAmB,CAAnB,4CAAmB,CAAnB,gBAAA,mBAAmB,CAAnB,4CAAmB,CAAnB,cAAA,mBAAmB,CAAnB,6CAAmB,CAAnB,oBAAA,mBAAmB,CAAnB,6CAAmB,CAAnB,qBAAA,+BAAmB,CAAnB,kBAAA,qCAAmB,CAAnB,cAAA,6BAAmB,CAAnB,uDAAmB,CAAnB,qBAAA,6BAAmB,CAAnB,sDAAmB,CAAnB,qBAAA,+BAAmB,CAAnB,mBAAA,mBAAmB,CAAnB,6CAAmB,CAAnB,mBAAA,mBAAmB,CAAnB,6CAAmB,CAAnB,6BAAA,eAAmB,CAAnB,cAAA,mBAAmB,CAAnB,2CAAmB,CAAnB,UAAA,6BAAmB,CAAnB,oBAAA,yBAAmB,CAAnB,+DAAA,0BAAmB,CAAnB,iDAAmB,CAAnB,sDAAA,0BAAmB,CAAnB,iDAAmB,CAAnB,0DAAA,0BAAmB,CAAnB,iDAAmB,CAAnB,2DAAA,0BAAmB,CAAnB,iDAAmB,CAAnB,iDAAA,0BAAmB,CAAnB,iDAAmB,CAAnB,yBAAA,yCAAmB,CAAnB,aAAA,SAAmB,CAAnB,YAAA,UAAmB,CAAnB,WAAA,SAAmB,CAAnB,mBAAA,UAAmB,CAAnB,cAAA,oBAAmB,CAAnB,YAAA,UAAmB,CAAnB,YAAA,UAAmB,CAAnB,YAAA,UAAmB,CAAnB,YAAA,UAAmB,CAAnB,aAAA,qBAAmB,CAAnB,6BAAmB,CAAnB,wBAAA,0GAAmB,CAAnB,kGAAmB,CAAnB,WAAA,6DAAmB,CAAnB,+FAAmB,CAAnB,QAAA,uDAAmB,CAAnB,yFAAmB,CAAnB,mBAAA,0GAAmB,CAAnB,kGAAmB,CAAnB,WAAA,+DAAmB,CAAnB,iGAAmB,CAAnB,WAAA,iCAAmB,CAAnB,sDAAmB,CAAnB,0GAAmB,CAAnB,kGAAmB,CAAnB,cAAA,uBAAmB,CAAnB,kBAAmB,CAAnB,gBAAA,iCAAmB,CAAnB,4BAAmB,CAAnB,SAAA,mBAAmB,CAAnB,QAAA,0GAAmB,CAAnB,kGAAmB,CAAnB,gGAAmB,CAAnB,wFAAmB,CAAnB,wBAAA,6CAAmB,CAAnB,MAAA,mBAAmB,CAAnB,sBAAA,wLAAmB,CAAnB,gLAAmB,CAAnB,gBAAA,kFAAmB,CAAnB,QAAA,wBAAmB,CAAnB,wLAAmB,CAAnB,gLAAmB,CAAnB,UAAA,kCAAmB,CAAnB,kMAAmB,CAAnB,0LAAmB,CAAnB,QAAA,wLAAmB,CAAnB,gLAAmB,CAAnB,oBAAA,mCAAmB,CAAnB,2BAAmB,CAAnB,sBAAA,6CAAmB,CAAnB,qCAAmB,CAAnB,6BAAmB,CAAnB,gDAAmB,CAAnB,YAAA,wHAAmB,CAAnB,gHAAmB,CAAnB,gGAAmB,CAAnB,qIAAmB,CAAnB,mBAAA,2EAAmB,CAAnB,mEAAmB,CAAnB,cAAA,kIAAmB,CAAnB,0HAAmB,CAAnB,0GAAmB,CAAnB,+IAAmB,CAAnB,2BAAA,sCAAmB,CAAnB,8BAAmB,CAAnB,gBAAA,+BAAmB,CAAnB,uBAAmB,CAAnB,cAAA,+BAAmB,CAAnB,uBAAmB,CAAnB,cAAA,+BAAmB,CAAnB,uBAAmB,CAAnB,gBAAA,yCAAmB,CAAnB,iCAAmB,CAAnB,eAAA,8BAAmB,CAAnB,sBAAmB,CAAnB,cAAA,gCAAmB,CAAnB,wBAAmB,CAAnB,SAAA,yDAAmB,CAAnB,iDAAmB,CAAnB,UAAA,yDAAmB,CAAnB,iDAAmB,CAAnB,aAAA,0DAAmB,CAAnB,kDAAmB,CAAnB,eAAA,oEAAmB,CAAnB,4DAAmB,CAAnB,yBAAA,GAAA,iCAAmB,CAAnB,8MAAmB,CAAnB,sMAAmB,CAAA,CAAnB,iBAAA,GAAA,iCAAmB,CAAnB,8MAAmB,CAAnB,sMAAmB,CAAA,CAAnB,wBAAA,GAAA,gCAAmB,CAAnB,wMAAmB,CAAnB,gMAAmB,CAAA,CAAnB,gBAAA,GAAA,gCAAmB,CAAnB,wMAAmB,CAAnB,gMAAmB,CAAA,CAAnB,YAAA,0BAAmB,CAAnB,wBAAmB,CAAnB,yBAAmB,CAAnB,8BAAmB,CAAnB,8BAAmB,CAAnB,4BAAmB,CAAnB,oBAAmB,CAAnB,WAAA,oBAAmB,CAAnB,YAAA,oBAAmB,CAAnB,cAAA,8BAAmB,CAAnB,sBAAmB,CAAnB,cAAA,8BAAmB,CAAnB,sBAAmB,CAAnB,gBAAA,wCAAmB,CAAnB,gCAAmB,CAAnB,eAAA,6BAAmB,CAAnB,qBAAmB,CAAnB,cAAA,+BAAmB,CAAnB,uBAAmB,CAAnB,SAAA,wDAAmB,CAAnB,gDAAmB,CAAnB,UAAA,wDAAmB,CAAnB,gDAAmB,CAAnB,aAAA,yDAAmB,CAAnB,iDAAmB,CAAnB,eAAA,mEAAmB,CAAnB,2DAAmB,CAAnB,SAAA,oCAAmB,CAAnB,4BAAmB,CAAnB,QAAA,mCAAmB,CAAnB,2BAAmB,CAAnB,sBAAA,eAAmB,CAAnB,0BAAA,mBAAmB,CAAnB,2BAAA,oBAAmB,CAAnB,kCAAA,2BAAmB,CA0NjB,kBAAA,gBAA2C,CAA3C,eAA2C,CAA3C,mBAA2C,CAA3C,gBAA2C,CAI3C,oCAJA,mBAA2C,CAA3C,6CAI8B,CAA9B,kBAAA,cAA8B,CAA9B,qBAA8B,CAA9B,kBAA8B,CAI9B,KAAA,uCAA2D,CAA3D,gBAA2D,CAA3D,mBAA2D,CAA3D,mBAA2D,CAA3D,YAA2D,CAA3D,6BAA2D,CAA3D,4BAA2D,CAA3D,sBAA2D,CAA3D,kBAA2D,CAA3D,kBAA2D,CAA3D,cAA2D,CAA3D,oBAA2D,CAA3D,qBAA2D,CAA3D,kBAA2D,CAI3D,SAAA,kBAAwB,CAAxB,iBAAwB,CAAxB,aAAwB,CAAxB,mBAAwB,CAAxB,oBAAwB,CAIxB,UAAA,kBAAwB,CAAxB,iBAAwB,CAAxB,aAAwB,CAAxB,iBAAwB,CAAxB,kBAAwB,CAO1B,kCACE,gCAAyB,CAAzB,wBACF,CAKE,4FAAA,uBAAsB,CAAtB,eAAsB,CAGxB,mBACE,yBACF,CAGA,eAEE,kBAAmB,CAEnB,UAAY,CAHZ,mBAAoB,CAEpB,wBAAiB,IAAjB,qBAAiB,KAAjB,oBAAiB,SAAjB,gBAEF,CAzQA,4CAAA,cA0QA,CA1QA,sCAAA,cA0QA,CA1QA,kDAAA,wBA0QA,CA1QA,4CAAA,wBA0QA,CA1QA,6CAAA,kBA0QA,CA1QA,uCAAA,kBA0QA,CA1QA,+CAAA,eA0QA,CA1QA,yCAAA,eA0QA,CA1QA,qEAAA,mBA0QA,CA1QA,0CA0QA,CA1QA,4DAAA,mBA0QA,CA1QA,0CA0QA,CA1QA,gEAAA,mBA0QA,CA1QA,0CA0QA,CA1QA,iEAAA,mBA0QA,CA1QA,0CA0QA,CA1QA,uDAAA,mBA0QA,CA1QA,0CA0QA,CA1QA,+DAAA,kCA0QA,CA1QA,sDAAA,kCA0QA,CA1QA,0DAAA,kCA0QA,CA1QA,2DAAA,kCA0QA,CA1QA,iDAAA,kCA0QA,CA1QA,uBAAA,yBA0QA,CA1QA,iBA0QA,CA1QA,wBAAA,QA0QA,CA1QA,yBA0QA,CA1QA,KA0QA,CA1QA,wBAAA,yBA0QA,CA1QA,QA0QA,CA1QA,kBAAA,yBA0QA,CA1QA,YA0QA,CA1QA,gCAAA,qBA0QA,CA1QA,yBA0QA,CA1QA,qMA0QA,CA1QA,6LA0QA,CA1QA,8BAAA,6BA0QA,CA1QA,8BA0QA,CA1QA,iCAAA,gDA0QA,CA1QA,iDA0QA,CA1QA,iCAAA,oCA0QA,CA1QA,qCA0QA,CA1QA,mCAAA,6BA0QA,CA1QA,8BA0QA,CA1QA,8BAAA,gCA0QA,CA1QA,6BA0QA,CA1QA,iCAAA,mDA0QA,CA1QA,gDA0QA,CA1QA,iCAAA,uCA0QA,CA1QA,oCA0QA,CA1QA,mCAAA,gCA0QA,CA1QA,6BA0QA,CA1QA,iCAAA,mDA0QA,CA1QA,gDA0QA,CA1QA,0BAAA,iBA0QA,CA1QA,uBAAA,cA0QA,CA1QA,4BAAA,gCA0QA,CA1QA,iCA0QA,CA1QA,+BAAA,mDA0QA,CA1QA,oDA0QA,CA1QA,+BAAA,uCA0QA,CA1QA,wCA0QA,CA1QA,iCAAA,gCA0QA,CA1QA,iCA0QA,CA1QA,4BAAA,iCA0QA,CA1QA,8BA0QA,CA1QA,+BAAA,oDA0QA,CA1QA,iDA0QA,CA1QA,+BAAA,wCA0QA,CA1QA,qCA0QA,CA1QA,iCAAA,iCA0QA,CA1QA,8BA0QA,CA1QA,+BAAA,oDA0QA,CA1QA,iDA0QA,CA1QA,6BAAA,qBA0QA,CA1QA,6BAAA,oBA0QA,CA1QA,2BAAA,uBA0QA,CA1QA,2BAAA,sBA0QA,CA1QA,6BAAA,mBA0QA,CA1QA,qCAAA,iBA0QA,CA1QA,iCAAA,UA0QA,CA1QA,6BAAA,cA0QA,CA1QA,sBAAA,oBA0QA,CA1QA,mCAAA,qBA0QA,CA1QA,sDA0QA,CA1QA,+BAAA,kCA0QA,CA1QA,2BAAA,qBA0QA,CA1QA,gDA0QA,CA1QA,qCAAA,qBA0QA,CA1QA,mDA0QA,CA1QA,gCAAA,2BA0QA,CA1QA,0DA0QA,CA1QA,6BAAA,0BA0QA,CA1QA,+BAAA,oCA0QA,CA1QA,6BAAA,wBA0QA,CA1QA,uBAAA,kCA0QA,CA1QA,gCAAA,iBA0QA,CA1QA,mDA0QA,CA1QA,8BAAA,iBA0QA,CA1QA,gDA0QA,CA1QA,0BAAA,iBA0QA,CA1QA,qDA0QA,CA1QA,wBAAA,mCA0QA,CA1QA,8DAAA,iBA0QA,CA1QA,oDA0QA,CA1QA,+BAAA,iBA0QA,CA1QA,sDA0QA,CA1QA,8BAAA,iBA0QA,CA1QA,mDA0QA,CA1QA,iCAAA,iBA0QA,CA1QA,mDA0QA,CA1QA,uBAAA,iBA0QA,CA1QA,sDA0QA,CA1QA,uBAAA,iBA0QA,CA1QA,gDA0QA,CA1QA,8BAAA,qBA0QA,CA1QA,iCAAA,2CA0QA,CA1QA,6BAAA,sBA0QA,CA1QA,6BAAA,sBA0QA,CA1QA,6BAAA,sBA0QA,CA1QA,6BAAA,0BA0QA,CA1QA,4BAAA,uCA0QA,CA1QA,8BAAA,iBA0QA,CA1QA,mDA0QA,CA1QA,6BAAA,0BA0QA,CA1QA,0BAAA,iBA0QA,CA1QA,sDA0QA,CA1QA,mCAAA,6BA0QA,CA1QA,uDA0QA,CA1QA,2BAAA,UA0QA,CA1QA,6BAAA,2BA0QA,CA1QA,yBAAA,mBA0QA,CA1QA,6CA0QA,CA1QA,yBAAA,mBA0QA,CA1QA,uCA0QA,CA1QA,iCAAA,mBA0QA,CA1QA,6CA0QA,CA1QA,sCAAA,mBA0QA,CA1QA,6CA0QA,CA1QA,wBAAA,8BA0QA,CA1QA,yBAAA,UA0QA,CA1QA,0BAAA,SA0QA,CA1QA,0BAAA,iBA0QA,CA1QA,sCAAA,qBA0QA,CA1QA,qDA0QA,CA1QA,2BAAA,qBA0QA,CA1QA,gDA0QA,CA1QA,qCAAA,oBA0QA,CA1QA,+BAAA,iBA0QA,CA1QA,sDA0QA,CA1QA,8BAAA,iBA0QA,CA1QA,mDA0QA,CA1QA,iCAAA,iBA0QA,CA1QA,mDA0QA,CA1QA,uBAAA,iBA0QA,CA1QA,sDA0QA,CA1QA,uBAAA,iBA0QA,CA1QA,gDA0QA,CA1QA,6BAAA,sBA0QA,CA1QA,wBAAA,mCA0QA,CA1QA,yBAAA,mBA0QA,CA1QA,6CA0QA,CA1QA,yBAAA,mBA0QA,CA1QA,uCA0QA,CA1QA,sCAAA,mBA0QA,CA1QA,6CA0QA,CA1QA,qCAAA,mCA0QA,CA1QA,yBAAA,UA0QA,CA1QA,2BAAA,uBA0QA,CA1QA,kBA0QA,CA1QA,qBAAA,0GA0QA,CA1QA,wGA0QA,CA1QA,0CAAA,gGA0QA,CA1QA,wFA0QA,CA1QA,qBAAA,0GA0QA,CA1QA,wGA0QA,CA1QA,wBAAA,gCA0QA,CA1QA,4BAAA,0BA0QA,CA1QA,2CAAA,uBA0QA,CA1QA,kBA0QA,CA1QA,qCAAA,0GA0QA,CA1QA,wGA0QA,CA1QA,0EAAA,gGA0QA,CA1QA,wFA0QA,CA1QA,qCAAA,0GA0QA,CA1QA,wGA0QA,CA1QA,wCAAA,gCA0QA,CA1QA,4CAAA,0BA0QA,CA1QA,4CAAA,0BA0QA,CA1QA,qDAAA,6CA0QA,CA1QA,6BAAA,qBA0QA,CA1QA,sDA0QA,CA1QA,kCAAA,iBA0QA,CA1QA,mDA0QA,CA1QA,iCAAA,iBA0QA,CA1QA,oDA0QA,CA1QA,iCAAA,iBA0QA,CA1QA,mDA0QA,CA1QA,sCAAA,kCA0QA,CA1QA,gCAAA,4BA0QA,CA1QA,2BAAA,UA0QA,CA1QA,4BAAA,SA0QA,CA1QA,wCAAA,mBA0QA,CA1QA,uCAAA,kBA0QA,CA1QA,+CAAA,oBA0QA,CA1QA,+BAAA,UA0QA,CA1QA,kFAAA,kBA0QA,CA1QA,iCAAA,aA0QA,CA1QA,uCAAA,0BA0QA,CA1QA,0BA0QA,CA1QA,mBA0QA,CA1QA,kCAAA,YA0QA,CA1QA,0CAAA,cA0QA,CA1QA,wCAAA,qBA0QA,CA1QA,gDA0QA,CA1QA,4DAAA,qCA0QA,CA1QA,2CAAA,iBA0QA,CA1QA,mDA0QA,CA1QA,6CAAA,iBA0QA,CA1QA,mDA0QA,CA1QA,wCAAA,UA0QA,CA1QA,uCAAA,SA0QA,CA1QA,kDAAA,kBA0QA,CA1QA,0CAAA,UA0QA,CA1QA,kDAAA,sCA0QA,CA1QA,8CAAA,mCA0QA,CA1QA,mDAAA,0BA0QA,CA1QA,0DAAA,kCA0QA,CA1QA,2DAAA,mCA0QA,CA1QA,gDAAA,SA0QA,CA1QA,+CAAA,UA0QA,CA1QA,yHAAA,mBA0QA,CA1QA,oDAAA,0BA0QA,CA1QA,0BA0QA,CA1QA,mBA0QA,CA1QA,qFAAA,UA0QA,CA1QA,uFAAA,UA0QA,CA1QA,wDAAA,wBA0QA,CA1QA,6GAAA,qMA0QA,CA1QA,6LA0QA,CA1QA,qDAAA,yBA0QA,CA1QA,sDAAA,wBA0QA,CA1QA,yGAAA,qMA0QA,CA1QA,6LA0QA,CA1QA,mDAAA,yBA0QA,CA1QA,4DAAA,wBA0QA,CA1QA,4HAAA,qMA0QA,CA1QA,6LA0QA,CA1QA,gEAAA,oBA0QA,CA1QA,gCAAA,GAAA,4CA0QA,CA1QA,GAAA,QA0QA,CAAA,CA1QA,wBAAA,GAAA,4CA0QA,CA1QA,GAAA,QA0QA,CAAA,CA1QA,iEAAA,2CA0QA,CA1QA,mCA0QA,CA1QA,kCAAA,GAAA,QA0QA,CA1QA,GAAA,4CA0QA,CAAA,CA1QA,0BAAA,GAAA,QA0QA,CA1QA,GAAA,4CA0QA,CAAA,CA1QA,+DAAA,6CA0QA,CA1QA,qCA0QA,CA1QA,yFAAA,2BA0QA,CA1QA,4BA0QA,CA1QA,yBA0QA,CA1QA,qBA0QA,CA1QA,0DAAA,iBA0QA,CA1QA,qDA0QA,CA1QA,yDAAA,qBA0QA,CA1QA,kDAAA,mCA0QA,CA1QA,4HAAA,0BA0QA,CA1QA,mDAAA,sBA0QA,CA1QA,sEAAA,mBA0QA,CA1QA,6CA0QA,CA1QA,+DAAA,mCA0QA,CA1QA,8DAAA,kCA0QA,CA1QA,mDAAA,2BA0QA,CA1QA,uGAAA,UA0QA,CA1QA,mDAAA,uDA0QA,CA1QA,yFA0QA,CA1QA,0GA0QA,CA1QA,kGA0QA,CA1QA,mDAAA,0BA0QA,CA1QA,wBA0QA,CA1QA,yBA0QA,CA1QA,8BA0QA,CA1QA,8BA0QA,CA1QA,4BA0QA,CA1QA,oBA0QA,CA1QA,wDAAA,yBA0QA,CA1QA,uBA0QA,CA1QA,wBA0QA,CA1QA,6BA0QA,CA1QA,6BA0QA,CA1QA,2BA0QA,CA1QA,mBA0QA,CA1QA,uDAAA,mBA0QA,CA1QA,kDAAA,oBA0QA,CA1QA,wDAAA,mBA0QA,CA1QA,mDAAA,oBA0QA,CA1QA,8DAAA,8BA0QA,CA1QA,4DAAA,6BA0QA,CA1QA,6DAAA,8BA0QA,CA1QA,2DAAA,6BA0QA,CA1QA,mEAAA,0BA0QA,CA1QA,sEAAA,0BA0QA,CA1QA,gEAAA,2BA0QA,CA1QA,mEAAA,2BA0QA,CA1QA,oGAAA,yBA0QA,CA1QA,MA0QA,CA1QA,iGAAA,yBA0QA,CA1QA,aA0QA,CA1QA,oGAAA,yBA0QA,CA1QA,UA0QA,CA1QA,+GAAA,qBA0QA,CA1QA,yBA0QA,CA1QA,qMA0QA,CA1QA,6LA0QA,CA1QA,2GAAA,oBA0QA,CA1QA,yBA0QA,CA1QA,qMA0QA,CA1QA,6LA0QA,CA1QA,8EAAA,sBA0QA,CA1QA,yBAAA,UAAA,UA0QA,CA1QA,gBAAA,kBA0QA,CA1QA,UA0QA,CA1QA,MA0QA,CA1QA,gBAAA,kBA0QA,CA1QA,UA0QA,CA1QA,MA0QA,CA1QA,cAAA,6BA0QA,CA1QA,4BA0QA,CA1QA,sBA0QA,CA1QA,kBA0QA,CA1QA,iBAAA,oBA0QA,CA1QA,iBA0QA,CA1QA,wBA0QA,CA1QA,6CAAA,sBA0QA,CA1QA,sDA0QA,CA1QA,iDA0QA,CA1QA,6CAAA,sBA0QA,CA1QA,iDA0QA,CA1QA,oDA0QA,CA1QA,6CAAA,sBA0QA,CA1QA,uDA0QA,CA1QA,kDA0QA,CA1QA,gBAAA,2BA0QA,CA1QA,eAAA,eA0QA,CAAA,CA1QA,yBAAA,iBAAA,6CA0QA,CAAA,CA1QA,0BAAA,iBAAA,6CA0QA,CAAA,CA1QA,0BAAA,qBAAA,eA0QA,CA1QA,qBAAA,eA0QA,CAAA,CA1QA,qEAAA,iBA0QA,CA1QA,qMA0QA,CA1QA,6LA0QA,CA1QA,kGAAA,oDA0QA,CA1QA,iDA0QA,CA1QA,+FAAA,sCA0QA,CA1QA,kEAAA,mCA0QA,CA1QA,wFAAA,mDA0QA,CA1QA,gDA0QA,CA1QA,sFAAA,oDA0QA,CA1QA,iDA0QA,CA1QA,0DAAA,kBA0QA,CA1QA,mBA0QA,CA1QA,6DAAA,sBA0QA,CA1QA,mBA0QA,CA1QA,6DAAA,gBA0QA,CA1QA,iEAAA,eA0QA,CA1QA,2EAAA,kCA0QA,CA1QA,yGAAA,aA0QA,CA1QA,0CAAA,kBA0QA,CA1QA,mBA0QA,CA1QA,iEAAA,cA0QA,CA1QA,iEAAA,aA0QA,CA1QA,0CAAA,WA0QA,CA1QA,wCAAA,kBA0QA,CA1QA,mBA0QA,CA1QA,wCAAA,qBA0QA,CA1QA,kBA0QA,CA1QA,+CAAA,cA0QA,CA1QA,+CAAA,aA0QA,CA1QA,yGAAA,iBA0QA,CA1QA,qMA0QA,CA1QA,6LA0QA,CA1QA,4LAAA,sBA0QA,CA1QA,mCAAA,uBA0QA,CA1QA,6BAAA,eA0QA,CA1QA,sBA0QA,CA1QA,kBA0QA","sourcesContent":["/* latin */\n@font-face {\n  font-family: 'Inter';\n  font-style: normal;\n  font-weight: 100;\n  font-display: swap;\n  src: url('./woff2/latin.woff2') format('woff2');\n  unicode-range: U+0000-00FF, U+0131, U+0152-0153, U+02BB-02BC, U+02C6, U+02DA, U+02DC, U+0304,\n    U+0308, U+0329, U+2000-206F, U+20AC, U+2122, U+2191, U+2193, U+2212, U+2215, U+FEFF, U+FFFD;\n}\n/* latin */\n@font-face {\n  font-family: 'Inter';\n  font-style: normal;\n  font-weight: 300;\n  font-display: swap;\n  src: url('./woff2/latin.woff2') format('woff2');\n  unicode-range: U+0000-00FF, U+0131, U+0152-0153, U+02BB-02BC, U+02C6, U+02DA, U+02DC, U+0304,\n    U+0308, U+0329, U+2000-206F, U+20AC, U+2122, U+2191, U+2193, U+2212, U+2215, U+FEFF, U+FFFD;\n}\n/* latin */\n@font-face {\n  font-family: 'Inter';\n  font-style: normal;\n  font-weight: 400;\n  font-display: swap;\n  src: url('./woff2/latin.woff2') format('woff2');\n  unicode-range: U+0000-00FF, U+0131, U+0152-0153, U+02BB-02BC, U+02C6, U+02DA, U+02DC, U+0304,\n    U+0308, U+0329, U+2000-206F, U+20AC, U+2122, U+2191, U+2193, U+2212, U+2215, U+FEFF, U+FFFD;\n}\n/* latin */\n@font-face {\n  font-family: 'Inter';\n  font-style: normal;\n  font-weight: 500;\n  font-display: swap;\n  src: url('./woff2/latin.woff2') format('woff2');\n  unicode-range: U+0000-00FF, U+0131, U+0152-0153, U+02BB-02BC, U+02C6, U+02DA, U+02DC, U+0304,\n    U+0308, U+0329, U+2000-206F, U+20AC, U+2122, U+2191, U+2193, U+2212, U+2215, U+FEFF, U+FFFD;\n}\n/* latin */\n@font-face {\n  font-family: 'Inter';\n  font-style: normal;\n  font-weight: 700;\n  font-display: swap;\n  src: url('./woff2/latin.woff2') format('woff2');\n  unicode-range: U+0000-00FF, U+0131, U+0152-0153, U+02BB-02BC, U+02C6, U+02DA, U+02DC, U+0304,\n    U+0308, U+0329, U+2000-206F, U+20AC, U+2122, U+2191, U+2193, U+2212, U+2215, U+FEFF, U+FFFD;\n}\n","@import './assets/fonts.css';\n\n@tailwind base;\n@tailwind components;\n@tailwind utilities;\n\n/* OHIF Theme -- #1C7BFF - 215 100% 55%;*/\n\n@layer base {\n  :root {\n    --highlight: 140 60% 50%;\n    --neutral: 0 0% 48%;\n    --neutral-light: 0 0% 70%;\n    --neutral-dark: 0 0% 17%;\n    --background: 0 0% 4%;\n    --foreground: 0 0% 98%;\n    --card: 212 0% 7%;\n    --card-foreground: 0 0% 98%;\n    --popover: 0 0% 10%;\n    --popover-foreground: 0 0% 98%;\n    --primary: 240 81% 46%;\n    --primary-foreground: 0 0% 98%;\n    --secondary: 0 0% 12%;  \n    --secondary-foreground: 0 0% 82%;\n    --muted: 0 0% 8%;\n    --muted-foreground: 0 0% 60%;\n    --accent: 0 0% 14%;\n    --accent-foreground: 0 0% 98%;\n    --destructive: 0 62.8% 30.6%;\n    --destructive-foreground: 0 0% 98%;\n    --border: 0 % 16%;\n    --input: 0 0% 12%;\n    --ring: 19 81% 46%;\n    --chart-1: 220 70% 50%;\n    --chart-2: 160 60% 45%;\n    --chart-3: 30 80% 55%;\n    --chart-4: 280 65% 60%;\n    --chart-5: 340 75% 55%;\n    --radius: 0.5rem;\n    --success-bg: hsl(244, 81%, 96%);\n    --success-border: hsl(145, 92%, 91%);\n    --success-text: hsl(140, 100%, 27%);\n\n    --info-bg: hsl(208, 100%, 97%);\n    --info-border: hsl(221, 91%, 91%);\n    --info-text: hsl(210, 92%, 45%);\n\n    --warning-bg: hsl(49, 100%, 97%);\n    --warning-border: hsl(49, 91%, 91%);\n    --warning-text: hsl(31, 92%, 45%);\n\n    --[1m[31merror[39m[22m[1m-bg: hsl(359, 100%, 97%);\n    --[1m[31merror[39m[22m[1m-border: hsl(359, 100%, 94%);\n    --[1m[31merror[39m[22m[1m-text: hsl(360, 100%, 45%);\n  }\n\n  .dark {\n    --background: 120 0% 4%;\n    --foreground: 0 0% 98%;\n    --card: 0 0% 7%;\n    --card-foreground: 0 0% 98%;\n    --popover: 0 0% 10%;\n    --popover-foreground: 0 0% 98%;\n    --primary: 19 81% 46%;\n    --primary-foreground: 0 0% 98%;\n    --secondary: 0 0% 12%;\n    --secondary-foreground: 0 0% 82%;\n    --muted: 0 0% 8%;\n    --muted-foreground: 0 0% 60%;\n    --accent: 0 0% 14%;\n    --accent-foreground: 0 0% 98%;\n    --destructive: 0 62.8% 30.6%;\n    --destructive-foreground: 0 0% 98%;\n    --border: 0 0% 16%;\n    --input: 0 0% 12%;\n    --ring: 19 81% 46%;\n    --chart-1: 220 70% 50%;\n    --chart-2: 160 60% 45%;\n    --chart-3: 30 80% 55%;\n    --chart-4: 280 65% 60%;\n    --chart-5: 340 75% 55%;\n  }\n}\n\n/* ORIGINAL THEME for comparison and testing\n\n@layer base {\n  :root {\n    --background: 0 0% 100%;\n    --foreground: 240 10% 3.9%;\n    --card: 0 0% 100%;\n    --card-foreground: 240 10% 3.9%;\n    --popover: 0 0% 100%;\n    --popover-foreground: 240 10% 3.9%;\n    --primary: 240 5.9% 10%;\n    --primary-foreground: 0 0% 98%;\n    --secondary: 240 4.8% 95.9%;\n    --secondary-foreground: 240 5.9% 10%;\n    --muted: 240 4.8% 95.9%;\n    --muted-foreground: 240 3.8% 46.1%;\n    --accent: 240 4.8% 95.9%;\n    --accent-foreground: 240 5.9% 10%;\n    --destructive: 0 72.22% 50.59%;\n    --destructive-foreground: 0 0% 98%;\n    --border: 240 5.9% 90%;\n    --input: 240 5.9% 90%;\n    --ring: 240 5% 64.9%;\n    --radius: 0.5rem;\n\n    --chart-1: 12 76% 61%;\n    --chart-2: 173 58% 39%;\n    --chart-3: 197 37% 24%;\n    --chart-4: 43 74% 66%;\n    --chart-5: 27 87% 67%;\n  }\n\n\n  .dark {\n    --background: 240 10% 3.9%;\n    --foreground: 0 0% 98%;\n    --card: 240 10% 3.9%;\n    --card-foreground: 0 0% 98%;\n    --popover: 240 10% 3.9%;\n    --popover-foreground: 0 0% 98%;\n    --primary: 0 0% 98%;\n    --primary-foreground: 240 5.9% 10%;\n    --secondary: 240 3.7% 15.9%;\n    --secondary-foreground: 0 0% 98%;\n    --muted: 240 3.7% 15.9%;\n    --muted-foreground: 240 5% 64.9%;\n    --accent: 240 3.7% 15.9%;\n    --accent-foreground: 0 0% 98%;\n    --destructive: 0 62.8% 30.6%;\n    --destructive-foreground: 0 85.7% 97.3%;\n    --border: 240 3.7% 15.9%;\n    --input: 240 3.7% 15.9%;\n    --ring: 240 4.9% 83.9%;\n\n    --chart-1: 220 70% 50%;\n    --chart-2: 160 60% 45%;\n    --chart-3: 30 80% 55%;\n    --chart-4: 280 65% 60%;\n    --chart-5: 340 75% 55%;\n  }\n}\n\n*/\n\n/* Theme Copy Example\n\n@layer base {\n  :root {\n    --background: 0 0% 100%;\n    --foreground: 224 71.4% 4.1%;\n    --card: 0 0% 100%;\n    --card-foreground: 224 71.4% 4.1%;\n    --popover: 0 0% 100%;\n    --popover-foreground: 224 71.4% 4.1%;\n    --primary: 262.1 83.3% 57.8%;\n    --primary-foreground: 210 20% 98%;\n    --secondary: 220 14.3% 95.9%;\n    --secondary-foreground: 220.9 39.3% 11%;\n    --muted: 220 14.3% 95.9%;\n    --muted-foreground: 220 8.9% 46.1%;\n    --accent: 220 14.3% 95.9%;\n    --accent-foreground: 220.9 39.3% 11%;\n    --destructive: 360 84.2% 60.2%;\n    --destructive-foreground: 210 20% 98%;\n    --border: 220 13% 91%;\n    --input: 220 13% 91%;\n    --ring: 262.1 83.3% 57.8%;\n    --radius: 0.5rem;\n    --chart-1: ;\n    --chart-2: ;\n    --chart-3: ;\n    --chart-4: ;\n    --chart-5: ;\n  }\n\n  .dark {\n    --background: 224 71.4% 4.1%;\n    --foreground: 210 20% 98%;\n    --card: 224 71.4% 4.1%;\n    --card-foreground: 210 20% 98%;\n    --popover: 224 71.4% 4.1%;\n    --popover-foreground: 210 20% 98%;\n    --primary: 263.4 70% 50.4%;\n    --primary-foreground: 210 20% 98%;\n    --secondary: 215 27.9% 16.9%;\n    --secondary-foreground: 210 20% 98%;\n    --muted: 215 27.9% 16.9%;\n    --muted-foreground: 217.9 10.6% 64.9%;\n    --accent: 215 27.9% 16.9%;\n    --accent-foreground: 210 20% 98%;\n    --destructive: 360 84.2% 60.2%;\n    --destructive-foreground: 210 20% 98%;\n    --border: 215 27.9% 16.9%;\n    --input: 215 27.9% 16.9%;\n    --ring: 263.4 70% 50.4%;\n    --chart-1: ;\n    --chart-2: ;\n    --chart-3: ;\n    --chart-4: ;\n    --chart-5: ;\n  }\n}\n\n*/\n\n/* Updated Playground page styles */\n\n@layer base {\n  html {\n    font-family: 'Inter', sans-serif;\n  }\n\n  body {\n    @apply !bg-black;\n  }\n}\n\nh2.section-header {\n  @apply py-4 text-2xl font-normal text-white;\n}\n\nh3.section-header {\n  @apply py-3 text-xl text-white;\n}\n\n.row {\n  @apply mb-6 flex flex-row flex-wrap rounded-md border py-10;\n}\n\n.example {\n  @apply flex-initial px-6;\n}\n\n.example2 {\n  @apply flex-initial px-4;\n}\n\n/* Additional CSS edits to components */\n\n/* Tooltip */\n\n.TooltipContent[data-side='bottom'] {\n  animation-name: slideDown;\n}\n\n/* Custom CSS to hide default number input arrows */\ninput[type='number']::-webkit-inner-spin-button,\ninput[type='number']::-webkit-outer-spin-button {\n  @apply appearance-none;\n}\n\ninput[type='number'] {\n  -moz-appearance: textfield; /* For Firefox */\n}\n\n/* disabled class - used for icons and divs based on context */\n.ohif-disabled {\n  pointer-events: none;\n  cursor: not-allowed;\n  user-select: none;\n  opacity: 0.5;\n}\n"],"sourceRoot":""}]);
@ohif/app: 21 | // Exports
@ohif/app: 22 | /* harmony default export */ const __WEBPACK_DEFAULT_EXPORT__ = (___CSS_LOADER_EXPORT___);
@ohif/app: 23 | [39m[22m
@ohif/app:  @ ../../ui-next/src/components/ThemeWrapper/ThemeWrapper.tsx 2:0-28
@ohif/app:  @ ../../ui-next/src/components/ThemeWrapper/index.ts 1:0-46 1:0-46
@ohif/app:  @ ../../ui-next/src/components/index.ts 2:0-46 73:0-2107
@ohif/app:  @ ../../ui-next/src/index.ts 3:0-29 3:0-29
@ohif/app:  @ ./App.tsx
@ohif/app:  @ ./index.js 6:0-24 39:47-50
@ohif/app: webpack 5.95.0 compiled with [1m[31m2 errors[39m[22m and [1m[33m1 warning[39m[22m in 112043 ms (66371f824a8753f40941)
@ohif/app: [2K[1G@ohif/app: [31merror[39m Command failed with exit code 1.
@ohif/app: [2K[1G[34minfo[39m Visit [1mhttps://yarnpkg.com/en/docs/cli/run[22m for documentation about this command.
@ohif/app: [2K[1G@ohif/app: [31merror[39m Command failed with exit code 1.
@ohif/app: [2K[1G@ohif/app: [34minfo[39m Visit [1mhttps://yarnpkg.com/en/docs/cli/run[22m for documentation about this command.

 

 >  Lerna (powered by Nx)   Running target build:viewer for project @ohif/app failed

   Failed tasks:
   
   - @ohif/app:build:viewer
   
   Hint: run the command with --verbose for more details.

error Command failed with exit code 1.
info Visit https://yarnpkg.com/en/docs/cli/run for documentation about this command.
